date,-,stock,-,index,*beta,ASR,profit,,,
"2016-01-04,一",6,0.005,3296.26,-0.002593849,-0.003054597,0.008054597,0.005,,,
"2016-01-05,二",6.03,0.03814262,3287.71,0.022547609,0.026552763,0.011589857,0.03814262,,,
"2016-01-06,三",6.26,-0.075079872,3361.84,-0.070449516,-0.082963534,0.007883661,-0.075079872,,,
"2016-01-07,四",5.79,0.03626943,3125,0.0196512,0.023141862,0.013127568,0.03626943,,,
"2016-01-08,五",6,-0.028333333,3186.41,-0.053260566,-0.062721294,0.03438796,-0.028333333,,,
"2016-01-11,一",5.83,0.010291595,3016.7,0.002041966,0.002404683,0.007886912,0.010291595,,,
"2016-01-12,二",5.89,-0.022071307,3022.86,-0.024235327,-0.028540272,0.006468965,-0.022071307,,,
"2016-01-13,三",5.76,0.008680556,2949.6,0.019680635,0.023176525,-0.01449597,0.008680556,,,
"2016-01-14,四",5.81,-0.049913941,3007.65,-0.035469553,-0.041770045,-0.008143897,-0.049913941,,,
"2016-01-15,五",5.52,-0.007246377,2900.97,0.004436447,0.005224498,-0.012470874,-0.007246377,,,
"2016-01-18,一",5.48,0.02919708,2913.84,0.032225517,0.037949768,-0.008752687,0.02919708,,,
"2016-01-19,二",5.64,-0.021276596,3007.74,-0.010323366,-0.012157115,-0.00911948,-0.021276596,,,
"2016-01-20,三",5.52,-0.023550725,2976.69,-0.032321135,-0.038062371,0.014511646,-0.023550725,,,
"2016-01-21,四",5.39,0.005565863,2880.48,0.01252569,0.014750641,-0.009184778,0.005565863,,,
"2016-01-22,五",5.42,0.003690037,2916.56,0.00752599,0.008862839,-0.005172802,0.003690037,,,
"2016-01-25,一",5.44,-0.079044118,2938.51,-0.064223025,-0.075631025,-0.003413093,-0.079044118,,,
"2016-01-26,二",5.01,-0.015968064,2749.79,-0.005174941,-0.006094171,-0.009873893,-0.015968064,,,
"2016-01-27,三",4.93,-0.048681542,2735.56,-0.029207914,-0.034396144,-0.014285397,-0.048681542,,,
"2016-01-28,四",4.69,0.025586354,2655.66,0.030854853,0.036335632,-0.010749278,0.025586354,,,
"2016-01-29,五",4.81,-0.037422037,2737.6,-0.017807569,-0.020970745,-0.016451293,-0.037422037,,,
"2016-02-01,一",4.63,0.021598272,2688.85,0.022582145,0.026593434,-0.004995162,0.021598272,,,
"2016-02-02,二",4.73,0.002114165,2749.57,-0.003753314,-0.004420019,0.006534184,0.002114165,,,
"2016-02-03,三",4.74,0.010548523,2739.25,0.015248699,0.017957341,-0.007408818,0.010548523,,,
"2016-02-04,四",4.79,-0.006263048,2781.02,-0.006303443,-0.007423129,0.001160081,-0.006263048,,,
"2016-02-05,五",4.76,-0.014705882,2763.49,-0.006256581,-0.007367944,-0.007337938,-0.014705882,,,
"2016-02-15,一",4.69,0.036247335,2746.2,0.03290729,0.038752645,-0.00250531,0.036247335,,,
"2016-02-16,二",4.86,0.010288066,2836.57,0.010847608,0.01277448,-0.002486414,0.010288066,,,
"2016-02-17,三",4.91,0.099796334,2867.34,-0.001551961,-0.001827637,0.101623971,0.099796334,,,
"2016-02-18,四",5.4,0.005555556,2862.89,-0.001002484,-0.001180556,0.006736111,0.005555556,,,
"2016-02-19,五",5.43,0.005524862,2860.02,0.023482353,0.027653547,-0.022128685,0.005524862,,,
"2016-02-22,一",5.46,-0.016483516,2927.18,-0.008147774,-0.009595071,-0.006888446,-0.016483516,,,
"2016-02-23,二",5.37,0,2903.33,0.008807128,0.010371547,-0.010371547,0,,,
"2016-02-24,三",5.37,-0.083798883,2928.9,-0.064068422,-0.075448959,-0.008349923,-0.083798883,,,
"2016-02-25,四",4.92,0.012195122,2741.25,0.009470132,0.011152321,0.001042801,0.012195122,,,
"2016-02-26,五",4.98,-0.018072289,2767.21,-0.028631727,-0.033717609,0.01564532,-0.018072289,,,
"2016-02-29,一",4.89,0.022494888,2687.98,0.016811881,0.019798192,0.002696695,0.022494888,,,
"2016-03-01,二",5,0.06,2733.17,0.042628157,0.050200239,0.009799761,0.06,,,
"2016-03-02,三",5.3,0.01509434,2849.68,0.003537239,0.004165563,0.010928777,0.01509434,,,
"2016-03-03,四",5.38,0.027881041,2859.76,0.005031891,0.005925711,0.02195533,0.027881041,,,
"2016-03-04,五",5.53,0.001808318,2874.15,0.008068472,0.009501683,-0.007693365,0.001808318,,,
"2016-03-07,一",5.54,-0.010830325,2897.34,0.001397834,0.001646133,-0.012476457,-0.010830325,,,
"2016-03-08,二",5.48,-0.01459854,2901.39,-0.01338324,-0.015760519,0.001161979,-0.01459854,,,
"2016-03-09,三",5.4,-0.014814815,2862.56,-0.020202197,-0.023790733,0.008975918,-0.014814815,,,
"2016-03-10,四",5.32,-0.007518797,2804.73,0.001989496,0.002342893,-0.00986169,-0.007518797,,,
"2016-03-11,五",5.28,0.03219697,2810.31,0.017503407,0.020612555,0.011584415,0.03219697,,,
"2016-03-14,一",5.45,-0.00733945,2859.5,0.001703095,0.002005617,-0.009345067,-0.00733945,,,
"2016-03-15,二",5.41,0.009242144,2864.37,0.002115648,0.002491453,0.006750691,0.009242144,,,
"2016-03-16,三",5.46,0.009157509,2870.43,0.011984267,0.014113045,-0.004955535,0.009157509,,,
"2016-03-17,四",5.51,0.00907441,2904.83,0.017322873,0.020399952,-0.011325542,0.00907441,,,
"2016-03-18,五",5.56,0.035971223,2955.15,0.02153867,0.025364605,0.010606618,0.035971223,,,
"2016-03-21,一",5.76,-0.015625,3018.8,-0.006439645,-0.007583525,-0.008041475,-0.015625,,,
"2016-03-22,二",5.67,0.02292769,2999.36,0.003534087,0.004161851,0.018765839,0.02292769,,,
"2016-03-23,三",5.8,-0.027586207,3009.96,-0.016275964,-0.01916708,-0.008419127,-0.027586207,,,
"2016-03-24,四",5.64,0.005319149,2960.97,0.006234443,0.007341874,-0.002022725,0.005319149,,,
"2016-03-25,五",5.67,-0.003527337,2979.43,-0.007253065,-0.008541434,0.005014098,-0.003527337,,,
"2016-03-28,一",5.65,-0.019469027,2957.82,-0.012843919,-0.015125397,-0.00434363,-0.019469027,,,
"2016-03-29,二",5.54,0.023465704,2919.83,0.027676269,0.032592432,-0.009126728,0.023465704,,,
"2016-03-30,三",5.67,0.003527337,3000.64,0.0010931,0.001287269,0.002240068,0.003527337,,,
"2016-03-31,四",5.69,-0.007029877,3003.92,0.00186756,0.002199296,-0.009229173,-0.007029877,,,
"2016-04-01,五",5.65,0.008849558,3009.53,0.014467375,0.01703723,-0.008187672,0.008849558,,,
"2016-04-05,二",5.7,-0.007017544,3053.07,-0.000812297,-0.000956586,-0.006060958,-0.007017544,,,
"2016-04-06,三",5.66,-0.012367491,3050.59,-0.013823555,-0.016279047,0.003911556,-0.012367491,,,
"2016-04-07,四",5.59,-0.021466905,3008.42,-0.007798113,-0.0091833,-0.012283605,-0.021466905,,,
"2016-04-08,五",5.47,0.056672761,2984.96,0.01641563,0.019331555,0.037341205,0.056672761,,,
"2016-04-11,一",5.78,-0.010380623,3033.96,-0.003398199,-0.004001825,-0.006378798,-0.010380623,,,
"2016-04-12,二",5.72,0.026223776,3023.65,0.014217915,0.016743458,0.009480318,0.026223776,,,
"2016-04-13,三",5.87,0.01362862,3066.64,0.005126132,0.006036691,0.007591929,0.01362862,,,
"2016-04-14,四",5.95,0.021848739,3082.36,-0.001375569,-0.001619913,0.023468653,0.021848739,,,
"2016-04-15,五",6.08,-0.039473684,3078.12,-0.014443881,-0.017009562,-0.022464122,-0.039473684,,,
"2016-04-18,一",5.84,-0.001712329,3033.66,0.003019455,0.003555804,-0.005268133,-0.001712329,,,
"2016-04-19,二",5.83,-0.027444254,3042.82,-0.02308385,-0.027184257,-0.000259997,-0.027444254,,,
"2016-04-20,三",5.67,-0.017636684,2972.58,-0.006623876,-0.007800481,-0.009836203,-0.017636684,,,
"2016-04-21,四",5.57,-0.007181329,2952.89,0.002150436,0.00253242,-0.009713748,-0.007181329,,,
"2016-04-22,五",5.53,-0.009041591,2959.24,-0.004247712,-0.005002238,-0.004039354,-0.009041591,,,
"2016-04-25,一",5.48,0.009124088,2946.67,0.006118771,0.007205655,0.001918433,0.009124088,,,
"2016-04-26,二",5.53,-0.012658228,2964.7,-0.003720444,-0.00438131,-0.008276918,-0.012658228,,,
"2016-04-27,三",5.46,-0.009157509,2953.67,-0.00273558,-0.003221504,-0.005936006,-0.009157509,,,
"2016-04-28,四",5.41,-0.001848429,2945.59,-0.002468096,-0.002906507,0.001058078,-0.001848429,,,
"2016-04-29,五",5.4,0.024074074,2938.32,0.018486754,0.021770575,0.002303499,0.024074074,,,
"2016-05-03,二",5.53,-0.001808318,2992.64,-0.00045779,-0.000539107,-0.001269211,-0.001808318,,,
"2016-05-04,三",5.52,0,2991.27,0.002196391,0.002586539,-0.002586539,0,,,
"2016-05-05,四",5.52,-0.030797101,2997.84,-0.028216983,-0.033229194,0.002432092,-0.030797101,,,
"2016-05-06,五",5.35,-0.059813084,2913.25,-0.027852055,-0.032799444,-0.02701364,-0.059813084,,,
"2016-05-09,一",5.03,-0.003976143,2832.11,0.000169485,0.000199591,-0.004175734,-0.003976143,,,
"2016-05-10,二",5.01,-0.001996008,2832.59,0.001571,0.001850059,-0.003846067,-0.001996008,,,
"2016-05-11,三",5,0.002,2837.04,-0.000415926,-0.000489808,0.002489808,0.002,,,
"2016-05-12,四",5.01,0,2835.86,-0.003085484,-0.003633561,0.003633561,0,,,
"2016-05-13,五",5.01,0.003992016,2827.11,0.008400805,0.009893048,-0.005901032,0.003992016,,,
"2016-05-16,一",5.03,-0.003976143,2850.86,-0.002518538,-0.002965909,-0.001010234,-0.003976143,,,
"2016-05-17,二",5.01,-0.015968064,2843.68,-0.012719434,-0.0149788,-0.000989264,-0.015968064,,,
"2016-05-18,三",4.93,-0.004056795,2807.51,-0.000213713,-0.000251674,-0.003805121,-0.004056795,,,
"2016-05-19,四",4.91,0.00814664,2806.91,0.006615816,0.00779099,0.00035565,0.00814664,,,
"2016-05-20,五",4.95,0.006060606,2825.48,0.006430766,0.007573069,-0.001512463,0.006060606,,,
"2016-05-23,一",4.98,-0.014056225,2843.65,-0.007729503,-0.009102502,-0.004953723,-0.014056225,,,
"2016-05-24,二",4.91,0,2821.67,-0.002331952,-0.002746179,0.002746179,0,,,
"2016-05-25,三",4.91,0.00610998,2815.09,0.002610929,0.003074711,0.003035269,0.00610998,,,
"2016-05-26,四",4.94,-0.004048583,2822.44,-0.000492482,-0.000579962,-0.003468621,-0.004048583,,,
"2016-05-27,五",4.92,0,2821.05,0.000496269,0.000584422,-0.000584422,0,,,
"2016-05-30,一",4.92,0.034552846,2822.45,0.03336463,0.039291223,-0.004738377,0.034552846,,,
"2016-05-31,二",5.09,-0.003929273,2916.62,-0.001066303,-0.001255711,-0.002673562,-0.003929273,,,
"2016-06-01,三",5.07,-0.003944773,2913.51,0.004022639,0.004737185,-0.008681958,-0.003944773,,,
"2016-06-02,四",5.05,0.003960396,2925.23,0.004597929,0.005414664,-0.001454268,0.003960396,,,
"2016-06-03,五",5.07,0,2938.68,-0.001558523,-0.001835365,0.001835365,0,,,
"2016-06-06,一",5.07,-0.00591716,2934.1,0.000661191,0.000778639,-0.006695799,-0.00591716,,,
"2016-06-07,二",5.04,-0.003968254,2936.04,-0.003024482,-0.003561724,-0.00040653,-0.003968254,,,
"2016-06-08,三",5.02,-0.027888446,2927.16,-0.032143784,-0.037853517,0.009965071,-0.027888446,,,
"2016-06-13,一",4.88,0.012295082,2833.07,0.003219123,0.003790939,0.008504143,0.012295082,,,
"2016-06-14,二",4.94,0.012145749,2842.19,0.015839898,0.018653555,-0.006507806,0.012145749,,,
"2016-06-15,三",5,-0.004,2887.21,-0.00498405,-0.005869372,0.001869372,-0.004,,,
"2016-06-16,四",4.98,0.008032129,2872.82,0.004278026,0.005037937,0.002994192,0.008032129,,,
"2016-06-17,五",5.02,-0.005976096,2885.11,0.001282447,0.001510249,-0.007486345,-0.005976096,,,
"2016-06-20,一",4.99,-0.004008016,2888.81,-0.003548174,-0.004178439,0.000170423,-0.004008016,,,
"2016-06-21,二",4.97,0.004024145,2878.56,0.009376216,0.011041722,-0.007017578,0.004024145,,,
"2016-06-22,三",4.99,-0.008016032,2905.55,-0.004677256,-0.005508081,-0.002507951,-0.008016032,,,
"2016-06-23,四",4.95,-0.01010101,2891.96,-0.013025768,-0.015339548,0.005238538,-0.01010101,,,
"2016-06-24,五",4.9,0.010204082,2854.29,0.014507986,0.017085054,-0.006880973,0.010204082,,,
"2016-06-27,一",4.95,0.002020202,2895.7,0.005822426,0.00685667,-0.004836468,0.002020202,,,
"2016-06-28,二",4.96,0.016129032,2912.56,0.006533771,0.007694371,0.008434661,0.016129032,,,
"2016-06-29,三",5.04,-0.003968254,2931.59,-0.000675401,-0.000795374,-0.00317288,-0.003968254,,,
"2016-06-30,四",5.02,0.003984064,2929.61,0.000979653,0.001153669,0.002830394,0.003984064,,,
"2016-07-01,五",5.04,0.017857143,2932.48,0.019137385,0.022536778,-0.004679635,0.017857143,,,
"2016-07-04,一",5.13,0.029239766,2988.6,0.00595262,0.00700999,0.022229776,0.029239766,,,
"2016-07-05,二",5.28,-0.009469697,3006.39,0.003625611,0.004269632,-0.013739329,-0.009469697,,,
"2016-07-06,三",5.23,-0.001912046,3017.29,-0.000145826,-0.000171729,-0.001740316,-0.001912046,,,
"2016-07-07,四",5.22,-0.003831418,3016.85,-0.009533122,-0.0112265,0.007395083,-0.003831418,,,
"2016-07-08,五",5.2,0.003846154,2988.09,0.002285741,0.00269176,0.001154394,0.003846154,,,
"2016-07-11,一",5.22,0.022988506,2994.92,0.018184125,0.021414189,0.001574316,0.022988506,,,
"2016-07-12,二",5.34,-0.003745318,3049.38,0.003708951,0.004367775,-0.008113094,-0.003745318,,,
"2016-07-13,三",5.32,-0.003759398,3060.69,-0.002179247,-0.002566349,-0.001193049,-0.003759398,,,
"2016-07-14,四",5.3,0,3054.02,9.16824E-05,0.000107968,-0.000107968,0,,,
"2016-07-15,五",5.3,-0.009433962,3054.3,-0.003516354,-0.004140967,-0.005292995,-0.009433962,,,
"2016-07-18,一",5.25,-0.001904762,3043.56,-0.002286796,-0.002693002,0.00078824,-0.001904762,,,
"2016-07-19,二",5.24,0,3036.6,-0.002865046,-0.003373967,0.003373967,0,,,
"2016-07-20,三",5.24,0.005725191,3027.9,0.00366921,0.004320975,0.001404216,0.005725191,,,
"2016-07-21,四",5.27,0,3039.01,-0.008617938,-0.010148751,0.010148751,0,,,
"2016-07-22,五",5.27,0.013282732,3012.82,0.000999064,0.001176529,0.012106204,0.013282732,,,
"2016-07-25,一",5.34,0.001872659,3015.83,0.011386583,0.013409194,-0.011536534,0.001872659,,,
"2016-07-26,二",5.35,-0.024299065,3050.17,-0.019071068,-0.022458681,-0.001840384,-0.024299065,,,
"2016-07-27,三",5.22,0.005747126,2992,0.000775401,0.000913136,0.00483399,0.005747126,,,
"2016-07-28,四",5.25,-0.007619048,2994.32,-0.005002805,-0.005891459,-0.001727589,-0.007619048,,,
"2016-07-29,五",5.21,0.009596929,2979.34,-0.008709983,-0.010257146,0.019854075,0.009596929,,,
"2016-08-01,一",5.26,0.009505703,2953.39,0.006057446,0.007133436,0.002372267,0.009505703,,,
"2016-08-02,二",5.31,-0.005649718,2971.28,0.002416467,0.002845706,-0.008495424,-0.005649718,,,
"2016-08-03,三",5.28,0,2978.46,0.001332904,0.001569669,-0.001569669,0,,,
"2016-08-04,四",5.28,0.003787879,2982.43,-0.001921252,-0.002262526,0.006050405,0.003787879,,,
"2016-08-05,五",5.3,0.011320755,2976.7,0.009265294,0.010911097,0.000409658,0.011320755,,,
"2016-08-08,一",5.36,0.003731343,3004.28,0.007123171,0.008388467,-0.004657124,0.003731343,,,
"2016-08-09,二",5.38,-0.001858736,3025.68,-0.002290394,-0.002697239,0.000838503,-0.001858736,,,
"2016-08-10,三",5.37,-0.013035382,3018.75,-0.005336646,-0.0062846,-0.006750782,-0.013035382,,,
"2016-08-11,四",5.3,0.013207547,3002.64,0.015995924,0.018837295,-0.005629748,0.013207547,,,
"2016-08-12,五",5.37,0.018621974,3050.67,0.024430699,0.028770348,-0.010148374,0.018621974,,,
"2016-08-15,一",5.47,0.012797075,3125.2,-0.00485089,-0.005712558,0.018509633,0.012797075,,,
"2016-08-16,二",5.54,-0.007220217,3110.04,-0.000154339,-0.000181754,-0.007038462,-0.007220217,,,
"2016-08-17,三",5.5,0.003636364,3109.56,-0.00175266,-0.002063986,0.00570035,0.003636364,,,
"2016-08-18,四",5.52,0.010869565,3104.11,0.001285393,0.001513718,0.009355847,0.010869565,,,
"2016-08-19,五",5.58,-0.016129032,3108.1,-0.007493324,-0.008824371,-0.007304662,-0.016129032,,,
"2016-08-22,一",5.49,-0.001821494,3084.81,0.001588428,0.001870583,-0.003692076,-0.001821494,,,
"2016-08-23,二",5.48,-0.01459854,3089.71,-0.001239599,-0.00145979,-0.01313875,-0.01459854,,,
"2016-08-24,三",5.4,-0.014814815,3085.88,-0.005687195,-0.006697417,-0.008117398,-0.014814815,,,
"2016-08-25,四",5.32,0.003759398,3068.33,0.000645302,0.000759928,0.002999471,0.003759398,,,
"2016-08-26,五",5.34,0.001872659,3070.31,-9.1196E-05,-0.000107395,0.001980054,0.001872659,,,
"2016-08-29,一",5.35,-0.005607477,3070.03,0.001514643,0.001783691,-0.007391167,-0.005607477,,,
"2016-08-30,二",5.32,-0.005639098,3074.68,0.003515813,0.00414033,-0.009779428,-0.005639098,,,
"2016-08-31,三",5.29,-0.011342155,3085.49,-0.007188485,-0.008465383,-0.002876772,-0.011342155,,,
"2016-09-01,四",5.23,0.007648184,3063.31,0.001318835,0.001553101,0.006095083,0.007648184,,,
"2016-09-02,五",5.27,0.007590133,3067.35,0.001548568,0.001823642,0.005766491,0.007590133,,,
"2016-09-05,一",5.31,0.026365348,3072.1,0.006057746,0.007133789,0.019231559,0.026365348,,,
"2016-09-06,二",5.45,0.025688073,3090.71,0.000394731,0.000464848,0.025223226,0.025688073,,,
"2016-09-07,三",5.59,-0.005366726,3091.93,0.001300159,0.001531107,-0.006897834,-0.005366726,,,
"2016-09-08,四",5.56,-0.001798561,3095.95,-0.005520115,-0.006500659,0.004702097,-0.001798561,,,
"2016-09-09,五",5.55,-0.003603604,3078.86,-0.01847437,-0.021755991,0.018152388,-0.003603604,,,
"2016-09-12,一",5.53,-0.005424955,3021.98,0.000506291,0.000596223,-0.006021178,-0.005424955,,,
"2016-09-13,二",5.5,0.001818182,3023.51,-0.006833118,-0.008046891,0.009865073,0.001818182,,,
"2016-09-14,三",5.51,0.021778584,3002.85,0.007725994,0.00909837,0.012680215,0.021778584,,,
"2016-09-19,一",5.63,0.001776199,3026.05,-0.001007915,-0.001186951,0.00296315,0.001776199,,,
"2016-09-20,二",5.64,-0.007092199,3023,0.000949388,0.001118029,-0.008210227,-0.007092199,,,
"2016-09-21,三",5.6,0,3025.87,0.005433148,0.006398244,-0.006398244,0,,,
"2016-09-22,四",5.6,0,3042.31,-0.002764347,-0.003255381,0.003255381,0,,,
"2016-09-23,五",5.6,-0.026785714,3033.9,-0.01762418,-0.020754781,-0.006030933,-0.026785714,,,
"2016-09-26,一",5.45,0,2980.43,0.005952161,0.00700945,-0.00700945,0,,,
"2016-09-27,二",5.45,-0.00733945,2998.17,-0.003438764,-0.004049595,-0.003289854,-0.00733945,,,
"2016-09-28,三",5.41,0.003696858,2987.86,0.003554383,0.004185752,-0.000488894,0.003696858,,,
"2016-09-29,四",5.43,0.007366483,2998.48,0.002074384,0.002442859,0.004923623,0.007366483,,,
"2016-09-30,五",5.47,0.009140768,3004.7,0.01445735,0.017025424,-0.007884656,0.009140768,,,
"2016-10-10,一",5.52,0.012681159,3048.14,0.005613259,0.006610348,0.006070811,0.012681159,,,
"2016-10-11,二",5.59,-0.007155635,3065.25,-0.002202104,-0.002593266,-0.004562369,-0.007155635,,,
"2016-10-12,三",5.55,0.027027027,3058.5,0.000931829,0.001097351,0.025929676,0.027027027,,,
"2016-10-13,四",5.7,-0.005263158,3061.35,0.000803567,0.000946305,-0.006209463,-0.005263158,,,
"2016-10-14,五",5.67,-0.019400353,3063.81,-0.007389492,-0.008702095,-0.010698258,-0.019400353,,,
"2016-10-17,一",5.56,0.021582734,3041.17,0.014043937,0.016538576,0.005044158,0.021582734,,,
"2016-10-18,二",5.68,-0.001760563,3083.88,0.000272384,0.000320768,-0.002081331,-0.001760563,,,
"2016-10-19,三",5.67,-0.001763668,3084.72,-8.42864E-05,-9.92583E-05,-0.00166441,-0.001763668,,,
"2016-10-20,四",5.66,0.037102473,3084.46,0.002100854,0.002474031,0.034628443,0.037102473,,,
"2016-10-21,五",5.87,0.008517888,3090.94,0.012070762,0.014214903,-0.005697016,0.008517888,,,
"2016-10-24,一",5.92,-0.011824324,3128.25,0.001179573,0.001389102,-0.013213426,-0.011824324,,,
"2016-10-25,二",5.85,0,3131.94,-0.004990517,-0.005876988,0.005876988,0,,,
"2016-10-26,三",5.85,0.008547009,3116.31,-0.001270734,-0.001496455,0.010043464,0.008547009,,,
"2016-10-27,四",5.9,0.015254237,3112.35,-0.002596109,-0.003057258,0.018311496,0.015254237,,,
"2016-10-28,五",5.99,-0.01836394,3104.27,-0.001217678,-0.001433975,-0.016929965,-0.01836394,,,
"2016-10-31,一",5.88,0.003401361,3100.49,0.007079526,0.008337069,-0.004935709,0.003401361,,,
"2016-11-01,二",5.9,-0.003389831,3122.44,-0.006312371,-0.007433644,0.004043813,-0.003389831,,,
"2016-11-02,三",5.88,0,3102.73,0.0084474,0.00994792,-0.00994792,0,,,
"2016-11-03,四",5.88,0.011904762,3128.94,-0.001156941,-0.00136245,0.013267212,0.011904762,,,
"2016-11-04,五",5.95,-0.008403361,3125.32,0.002562938,0.003018195,-0.011421556,-0.008403361,,,
"2016-11-07,一",5.9,0.03220339,3133.33,0.004646813,0.005472232,0.026731158,0.03220339,,,
"2016-11-08,二",6.09,0.001642036,3147.89,-0.006200979,-0.007302465,0.008944501,0.001642036,,,
"2016-11-09,三",6.1,0.031147541,3128.37,0.013716408,0.016152868,0.014994673,0.031147541,,,
"2016-11-10,四",6.29,0.036565978,3171.28,0.007807573,0.00919444,0.027371538,0.036565978,,,
"2016-11-11,五",6.52,0.056748466,3196.04,0.004483674,0.005280113,0.051468353,0.056748466,,,
"2016-11-14,一",6.89,-0.020319303,3210.37,-0.001052838,-0.001239855,-0.019079448,-0.020319303,,,
"2016-11-15,二",6.75,-0.004444444,3206.99,-0.00060181,-0.000708711,-0.003735734,-0.004444444,,,
"2016-11-16,三",6.72,0.019345238,3205.06,0.001057703,0.001245583,0.018099655,0.019345238,,,
"2016-11-17,四",6.85,-0.018978102,3208.45,-0.004859044,-0.005722161,-0.013255941,-0.018978102,,,
"2016-11-18,五",6.72,-0.004464286,3192.86,0.007920798,0.009327778,-0.013792063,-0.004464286,,,
"2016-11-21,一",6.69,0.007473842,3218.15,0.009384274,0.011051211,-0.00357737,0.007473842,,,
"2016-11-22,二",6.74,-0.017804154,3248.35,-0.002219588,-0.002613856,-0.015190298,-0.017804154,,,
"2016-11-23,三",6.62,-0.010574018,3241.14,0.00018512,0.000218003,-0.010792021,-0.010574018,,,
"2016-11-24,四",6.55,0.009160305,3241.74,0.006231222,0.00733808,0.001822226,0.009160305,,,
"2016-11-25,五",6.61,0.02269289,3261.94,0.004616884,0.005436986,0.017255903,0.02269289,,,
"2016-11-28,一",6.76,0.00295858,3277,0.00180653,0.002127426,0.000831154,0.00295858,,,
"2016-11-29,二",6.78,-0.039823009,3282.92,-0.01001852,-0.01179812,-0.028024889,-0.039823009,,,
"2016-11-30,三",6.51,-0.007680492,3250.03,0.007163011,0.008435384,-0.016115875,-0.007680492,,,
"2016-12-01,四",6.46,-0.009287926,3273.31,-0.009003119,-0.010602352,0.001314427,-0.009287926,,,
"2016-12-02,五",6.4,-0.0265625,3243.84,-0.012062864,-0.014205602,-0.012356898,-0.0265625,,,
"2016-12-05,一",6.23,0.004815409,3204.71,-0.001578926,-0.001859392,0.006674802,0.004815409,,,
"2016-12-06,二",6.26,0.025559105,3199.65,0.007060147,0.008314248,0.017244857,0.025559105,,,
"2016-12-07,三",6.42,0.037383178,3222.24,-0.002132057,-0.002510777,0.039893954,0.037383178,,,
"2016-12-08,四",6.66,-0.006006006,3215.37,0.005445719,0.006413047,-0.012419053,-0.006006006,,,
"2016-12-09,五",6.62,-0.036253776,3232.88,-0.024717899,-0.029108564,-0.007145213,-0.036253776,,,
"2016-12-12,一",6.38,0.009404389,3152.97,0.000656524,0.000773143,0.008631246,0.009404389,,,
"2016-12-13,二",6.44,0.004658385,3155.04,-0.004598991,-0.005415914,0.010074299,0.004658385,,,
"2016-12-14,三",6.47,0.00309119,3140.53,-0.007275842,-0.008568257,0.011659447,0.00309119,,,
"2016-12-15,四",6.49,-0.016949153,3117.68,0.001699982,0.002001952,-0.018951104,-0.016949153,,,
"2016-12-16,五",6.38,-0.023510972,3122.98,-0.001569014,-0.00184772,-0.021663252,-0.023510972,,,
"2016-12-19,一",6.23,-0.001605136,3118.08,-0.004874795,-0.005740709,0.004135573,-0.001605136,,,
"2016-12-20,二",6.22,0.012861736,3102.88,0.011134817,0.013112705,-0.000250969,0.012861736,,,
"2016-12-21,三",6.3,-0.007936508,3137.43,0.0006789,0.000799493,-0.008736001,-0.007936508,,,
"2016-12-22,四",6.25,-0.0208,3139.56,-0.009367555,-0.011031523,-0.009768477,-0.0208,,,
"2016-12-23,五",6.12,0.014705882,3110.15,0.003993377,0.004702724,0.010003158,0.014705882,,,
"2016-12-26,一",6.21,-0.004830918,3122.57,-0.00253317,-0.002983139,-0.001847779,-0.004830918,,,
"2016-12-27,二",6.18,-0.01618123,3114.66,-0.003987594,-0.004695914,-0.011485315,-0.01618123,,,
"2016-12-28,三",6.08,0,3102.24,-0.001979215,-0.002330785,0.002330785,0,,,
"2016-12-29,四",6.08,0.003289474,3096.1,0.002435322,0.002867911,0.000421563,0.003289474,,,
"2016-12-30,五",6.1,0.02295082,3103.64,0.010400691,0.012248176,0.010702644,0.02295082,,,
"2017-01-03,二",6.24,0.009615385,3135.92,0.007292916,0.008588364,0.001027021,0.009615385,,,
"2017-01-04,三",6.3,0.046031746,3158.79,0.002095739,0.002468007,0.043563739,0.046031746,,,
"2017-01-05,四",6.59,-0.010622155,3165.41,-0.003503496,-0.004125825,-0.00649633,-0.010622155,,,
"2017-01-06,五",6.52,0.033742331,3154.32,0.005364072,0.006316898,0.027425434,0.033742331,,,
"2017-01-09,一",6.74,-0.013353116,3171.24,-0.003017747,-0.003553792,-0.009799323,-0.013353116,,,
"2017-01-10,二",6.65,-0.02556391,3161.67,-0.007881911,-0.009281982,-0.016281928,-0.02556391,,,
"2017-01-11,三",6.48,-0.007716049,3136.75,-0.005566271,-0.006555013,-0.001161036,-0.007716049,,,
"2017-01-12,四",6.43,0.01088647,3119.29,-0.002093425,-0.002465282,0.013351752,0.01088647,,,
"2017-01-13,五",6.5,0,3112.76,-0.00299734,-0.00352976,0.00352976,0,,,
"2017-01-16,一",6.5,0.026153846,3103.43,0.001720677,0.002026322,0.024127524,0.026153846,,,
"2017-01-17,二",6.67,-0.00149925,3108.77,0.001363883,0.001606151,-0.003105402,-0.00149925,,,
"2017-01-18,三",6.66,-0.010510511,3113.01,-0.003761633,-0.004429815,-0.006080695,-0.010510511,,,
"2017-01-19,四",6.59,0.007587253,3101.3,0.007042208,0.008293123,-0.000705869,0.007587253,,,
"2017-01-20,五",6.64,0.016566265,3123.14,0.004364198,0.005139414,0.011426851,0.016566265,,,
"2017-01-23,一",6.75,0.007407407,3136.77,0.00184266,0.002169973,0.005237434,0.007407407,,,
"2017-01-24,二",6.8,-0.002941176,3142.55,0.00222749,0.002623162,-0.005564338,-0.002941176,,,
"2017-01-25,三",6.78,0.014749263,3149.55,0.003054405,0.003596962,0.011152301,0.014749263,,,
"2017-01-26,四",6.88,0,3159.17,-0.006014238,-0.007082553,0.007082553,0,,,
"2017-02-03,五",6.88,0.011627907,3140.17,0.005353213,0.00630411,0.005323797,0.011627907,,,
"2017-02-06,一",6.96,0.030172414,3156.98,-0.00123219,-0.001451065,0.031623479,0.030172414,,,
"2017-02-07,二",7.17,-0.0041841,3153.09,0.004405203,0.005187703,-0.009371803,-0.0041841,,,
"2017-02-08,三",7.14,0.014005602,3166.98,0.005115283,0.006023916,0.007981686,0.014005602,,,
"2017-02-09,四",7.24,0.016574586,3183.18,0.004247325,0.005001782,0.011572804,0.016574586,,,
"2017-02-10,五",7.36,0.004076087,3196.7,0.006300247,0.007419366,-0.003343279,0.004076087,,,
"2017-02-13,一",7.39,0.01082544,3216.84,0.000338842,0.000399031,0.010426409,0.01082544,,,
"2017-02-14,二",7.47,-0.030789826,3217.93,-0.001535148,-0.001807838,-0.028981988,-0.030789826,,,
"2017-02-15,三",7.24,0.008287293,3212.99,0.005175864,0.006095258,0.002192035,0.008287293,,,
"2017-02-16,四",7.3,-0.001369863,3229.62,-0.008527319,-0.010042035,0.008672172,-0.001369863,,,
"2017-02-17,五",7.29,0.001371742,3202.08,0.011829811,0.013931152,-0.01255941,0.001371742,,,
"2017-02-20,一",7.3,0.002739726,3239.96,0.004126594,0.004859605,-0.002119879,0.002739726,,,
"2017-02-21,二",7.32,0.016393443,3253.33,0.002425207,0.002855999,0.013537443,0.016393443,,,
"2017-02-22,三",7.44,0.00672043,3261.22,-0.003017276,-0.003553237,0.010273668,0.00672043,,,
"2017-02-23,四",7.49,-0.010680908,3251.38,0.000630502,0.000742498,-0.011423406,-0.010680908,,,
"2017-02-24,五",7.41,-0.018893387,3253.43,-0.007613503,-0.008965897,-0.00992749,-0.018893387,,,
"2017-02-27,一",7.27,0.004126547,3228.66,0.004048119,0.00476719,-0.000640643,0.004126547,,,
"2017-02-28,二",7.3,0.002739726,3241.73,0.001604082,0.001889016,0.00085071,0.002739726,,,
"2017-03-01,三",7.32,-0.006830601,3246.93,-0.005204917,-0.006129471,-0.00070113,-0.006830601,,,
"2017-03-02,四",7.27,-0.022008253,3230.03,-0.003628449,-0.004272974,-0.017735279,-0.022008253,,,
"2017-03-03,五",7.11,0.025316456,3218.31,0.004834836,0.005693652,0.019622803,0.025316456,,,
"2017-03-06,一",7.29,0.012345679,3233.87,0.002640799,0.003109887,0.009235792,0.012345679,,,
"2017-03-07,二",7.38,0.002710027,3242.41,-0.000539722,-0.000635593,0.00334562,0.002710027,,,
"2017-03-08,三",7.4,-0.004054054,3240.66,-0.007378127,-0.008688711,0.004634657,-0.004054054,,,
"2017-03-09,四",7.37,0.017639077,3216.75,-0.001240382,-0.001460713,0.01909979,0.017639077,,,
"2017-03-10,五",7.5,0.021333333,3212.76,0.00755114,0.008892456,0.012440877,0.021333333,,,
"2017-03-13,一",7.66,0.001305483,3237.02,0.000713619,0.00084038,0.000465103,0.001305483,,,
"2017-03-14,二",7.67,-0.009126467,3239.33,0.000750155,0.000883406,-0.010009873,-0.009126467,,,
"2017-03-15,三",7.6,-0.015789474,3241.76,0.008384334,0.009873652,-0.025663126,-0.015789474,,,
"2017-03-16,四",7.48,0,3268.94,-0.009633092,-0.011344228,0.011344228,0,,,
"2017-03-17,五",7.48,-0.00802139,3237.45,0.004126705,0.004859735,-0.012881126,-0.00802139,,,
"2017-03-20,一",7.42,0.004043127,3250.81,0.003322249,0.003912383,0.000130743,0.004043127,,,
"2017-03-21,二",7.45,0.008053691,3261.61,-0.005025126,-0.005917744,0.013971435,0.008053691,,,
"2017-03-22,三",7.51,-0.003994674,3245.22,0.001026125,0.001208396,-0.00520307,-0.003994674,,,
"2017-03-23,四",7.48,0.017379679,3248.55,0.00643364,0.007576453,0.009803226,0.017379679,,,
"2017-03-24,五",7.61,-0.010512484,3269.45,-0.000761596,-0.000896879,-0.009615605,-0.010512484,,,
"2017-03-27,一",7.53,-0.01062417,3266.96,-0.00428839,-0.005050142,-0.005574028,-0.01062417,,,
"2017-03-28,二",7.45,0.005369128,3252.95,-0.00357829,-0.004213906,0.009583033,0.005369128,,,
"2017-03-29,三",7.49,-0.024032043,3241.31,-0.009585631,-0.011288336,-0.012743707,-0.024032043,,,
"2017-03-30,四",7.31,-0.01504788,3210.24,0.003822144,0.004501075,-0.019548955,-0.01504788,,,
"2017-03-31,五",7.2,0.020833333,3222.51,0.014833158,0.017467987,0.003365347,0.020833333,,,
"2017-04-05,三",7.35,-0.002721088,3270.31,0.003268803,0.003849444,-0.006570532,-0.002721088,,,
"2017-04-06,四",7.33,-0.010914052,3281,0.001712892,0.002017155,-0.012931207,-0.010914052,,,
"2017-04-07,五",7.25,0.00137931,3286.62,-0.005242468,-0.006173693,0.007553003,0.00137931,,,
"2017-04-10,一",7.26,0.011019284,3269.39,0.005988885,0.007052696,0.003966587,0.011019284,,,
"2017-04-11,二",7.34,-0.034059946,3288.97,-0.004603265,-0.005420947,-0.028638998,-0.034059946,,,
"2017-04-12,三",7.09,-0.002820874,3273.83,0.000650614,0.000766183,-0.003587058,-0.002820874,,,
"2017-04-13,四",7.07,-0.022630835,3275.96,-0.009124043,-0.010744756,-0.011886079,-0.022630835,,,
"2017-04-14,五",6.91,-0.01447178,3246.07,-0.007362749,-0.008670602,-0.005801178,-0.01447178,,,
"2017-04-17,一",6.81,0,3222.17,-0.007901507,-0.00930506,0.00930506,0,,,
"2017-04-18,二",6.81,-0.005873715,3196.71,-0.008139619,-0.009585467,0.003711752,-0.005873715,,,
"2017-04-19,三",6.77,0.008862629,3170.69,0.000444698,0.00052369,0.008338939,0.008862629,,,
"2017-04-20,四",6.83,0.011713031,3172.1,0.000331011,0.000389809,0.011323222,0.011713031,,,
"2017-04-21,五",6.91,-0.02894356,3173.15,-0.013746593,-0.016188413,-0.012755147,-0.02894356,,,
"2017-04-24,一",6.71,0.01490313,3129.53,0.001610465,0.001896534,0.013006596,0.01490313,,,
"2017-04-25,二",6.81,0.024963289,3134.57,0.002003465,0.002359342,0.022603947,0.024963289,,,
"2017-04-26,三",6.98,0.008595989,3140.85,0.003610488,0.004251822,0.004344166,0.008595989,,,
"2017-04-27,四",7.04,-0.001420455,3152.19,0.000783582,0.000922771,-0.002343225,-0.001420455,,,
"2017-04-28,五",7.03,-0.001422475,3154.66,-0.003471056,-0.004087623,0.002665147,-0.001422475,,,
"2017-05-02,二",7.02,0.022792023,3143.71,-0.002659278,-0.003131649,0.025923671,0.022792023,,,
"2017-05-03,三",7.18,-0.001392758,3135.35,-0.00254517,-0.002997272,0.001604514,-0.001392758,,,
"2017-05-04,四",7.17,-0.025104603,3127.37,-0.0077797,-0.009161616,-0.015942987,-0.025104603,,,
"2017-05-05,五",6.99,-0.015736767,3103.04,-0.007872925,-0.0092714,-0.006465367,-0.015736767,,,
"2017-05-08,一",6.88,-0.00872093,3078.61,0.000623658,0.000734439,-0.009455369,-0.00872093,,,
"2017-05-09,二",6.82,-0.029325513,3080.53,-0.009004944,-0.010604501,-0.018721012,-0.029325513,,,
"2017-05-10,三",6.62,-0.003021148,3052.79,0.002853128,0.003359932,-0.00638108,-0.003021148,,,
"2017-05-11,四",6.6,0.010606061,3061.5,0.007189286,0.008466326,0.002139734,0.010606061,,,
"2017-05-12,五",6.67,0.004497751,3083.51,0.002179335,0.002566452,0.001931299,0.004497751,,,
"2017-05-15,一",6.7,0.007462687,3090.23,0.00735544,0.008661994,-0.001199307,0.007462687,,,
"2017-05-16,二",6.75,-0.001481481,3112.96,-0.002736945,-0.003223111,0.00174163,-0.001481481,,,
"2017-05-17,三",6.74,-0.00148368,3104.44,-0.004606306,-0.005424529,0.003940849,-0.00148368,,,
"2017-05-18,四",6.73,-0.004457652,3090.14,0.000158569,0.000186736,-0.004644388,-0.004457652,,,
"2017-05-19,五",6.7,0,3090.63,-0.004837201,-0.005696438,0.005696438,0,,,
"2017-05-22,一",6.7,0,3075.68,-0.004464053,-0.005257008,0.005257008,0,,,
"2017-05-23,二",6.7,-0.001492537,3061.95,0.000695635,0.000819201,-0.002311739,-0.001492537,,,
"2017-05-24,三",6.69,0.022421525,3064.08,0.014278348,0.016814625,0.0056069,0.022421525,,,
"2017-05-25,四",6.84,0.010233918,3107.83,0.000717542,0.000845,0.009388918,0.010233918,,,
"2017-05-26,五",6.91,-0.001447178,3110.06,0.002289345,0.002696004,-0.004143182,-0.001447178,,,
"2017-05-31,三",6.9,0.010144928,3117.18,-0.004670888,-0.005500583,0.015645511,0.010144928,,,
"2017-06-01,四",6.97,-0.005738881,3102.62,0.00094114,0.001108316,-0.006847197,-0.005738881,,,
"2017-06-02,五",6.93,-0.007215007,3105.54,-0.004469432,-0.005263342,-0.001951665,-0.007215007,,,
"2017-06-05,一",6.88,-0.004360465,3091.66,0.00338653,0.003988083,-0.008348548,-0.004360465,,,
"2017-06-06,二",6.85,0.017518248,3102.13,0.012310896,0.014497693,0.003020555,0.017518248,,,
"2017-06-07,三",6.97,-0.00143472,3140.32,0.003187573,0.003753785,-0.005188505,-0.00143472,,,
"2017-06-08,四",6.96,0.048850575,3150.33,0.002561636,0.003016662,0.045833912,0.048850575,,,
"2017-06-09,五",7.3,-0.001369863,3158.4,-0.005863728,-0.006905308,0.005535445,-0.001369863,,,
"2017-06-12,一",7.29,0.004115226,3139.88,0.004414181,0.005198277,-0.001083051,0.004115226,,,
"2017-06-13,二",7.32,0.00136612,3153.74,-0.007315124,-0.008614517,0.009980637,0.00136612,,,
"2017-06-14,三",7.33,0.001364256,3130.67,0.000581345,0.00068461,0.000679646,0.001364256,,,
"2017-06-15,四",7.34,-0.010899183,3132.49,-0.002975269,-0.003503769,-0.007395414,-0.010899183,,,
"2017-06-16,五",7.26,0.02892562,3123.17,0.006787975,0.00799373,0.02093189,0.02892562,,,
"2017-06-19,一",7.47,-0.004016064,3144.37,-0.001386605,-0.001632909,-0.002383155,-0.004016064,,,
"2017-06-20,二",7.44,0.001344086,3140.01,0.005159219,0.006075657,-0.00473157,0.001344086,,,
"2017-06-21,三",7.45,0.020134228,3156.21,-0.002775481,-0.003268492,0.02340272,0.020134228,,,
"2017-06-22,四",7.6,0.018421053,3147.45,0.003310617,0.003898685,0.014522368,0.018421053,,,
"2017-06-23,五",7.74,0.071059432,3157.87,0.008730568,0.010281388,0.060778044,0.071059432,,,
"2017-06-26,一",8.29,0.003618818,3185.44,0.001808227,0.002129425,0.001489393,0.003618818,,,
"2017-06-27,二",8.32,-0.021634615,3191.2,-0.005640511,-0.006642441,-0.014992174,-0.021634615,,,
"2017-06-28,三",8.14,0.003685504,3173.2,0.00468297,0.00551481,-0.001829307,0.003685504,,,
"2017-06-29,四",8.17,-0.004895961,3188.06,0.00137074,0.001614225,-0.006510186,-0.004895961,,,
"2017-06-30,五",8.13,-0.007380074,3192.43,0.001090079,0.00128371,-0.008663784,-0.007380074,,,
"2017-07-03,一",8.07,0.003717472,3195.91,-0.004102118,-0.004830781,0.008548253,0.003717472,,,
"2017-07-04,二",8.1,0.012345679,3182.8,0.007644213,0.009002062,0.003343617,0.012345679,,,
"2017-07-05,三",8.2,-0.02804878,3207.13,0.001655686,0.001949787,-0.029998568,-0.02804878,,,
"2017-07-06,四",7.97,0.00250941,3212.44,0.00171832,0.002023547,0.000485863,0.00250941,,,
"2017-07-07,五",7.99,0.038798498,3217.96,-0.001656329,-0.001950544,0.040749042,0.038798498,,,
"2017-07-10,一",8.3,-0.028915663,3212.63,-0.002985093,-0.003515338,-0.025400324,-0.028915663,,,
"2017-07-11,二",8.06,-0.013647643,3203.04,-0.001717119,-0.002022132,-0.01162551,-0.013647643,,,
"2017-07-12,三",7.95,-0.016352201,3197.54,0.006448707,0.007594198,-0.023946399,-0.016352201,,,
"2017-07-13,四",7.82,0.02685422,3218.16,0.001323738,0.001558875,0.025295345,0.02685422,,,
"2017-07-14,五",8.03,-0.0124533,3222.42,-0.014262573,-0.016796048,0.004342748,-0.0124533,,,
"2017-07-17,一",7.93,0.022698613,3176.46,0.003497604,0.004118887,0.018579726,0.022698613,,,
"2017-07-18,二",8.11,0.041923551,3187.57,0.013618524,0.016037597,0.025885955,0.041923551,,,
"2017-07-19,三",8.45,-0.009467456,3230.98,0.00429591,0.005058997,-0.014526453,-0.009467456,,,
"2017-07-20,四",8.37,0.001194743,3244.86,-0.002120276,-0.002496903,0.003691646,0.001194743,,,
"2017-07-21,五",8.38,0.014319809,3237.98,0.003897492,0.004589807,0.009730002,0.014319809,,,
"2017-07-24,一",8.5,-0.001176471,3250.6,-0.002125761,-0.002503363,0.001326892,-0.001176471,,,
"2017-07-25,二",8.49,0.001177856,3243.69,0.001226998,0.00144495,-0.000267094,0.001177856,,,
"2017-07-26,三",8.5,-0.023529412,3247.67,0.000649697,0.000765103,-0.024294515,-0.023529412,,,
"2017-07-27,四",8.3,-0.002409639,3249.78,0.001064687,0.001253809,-0.003663448,-0.002409639,,,
"2017-07-28,五",8.28,0.027777778,3253.24,0.006083166,0.007163725,0.020614053,0.027777778,,,
"2017-07-31,一",8.51,0.022326675,3273.03,0.00599139,0.007055647,0.015271028,0.022326675,,,
"2017-08-01,二",8.7,-0.01954023,3292.64,-0.002302104,-0.002711029,-0.016829201,-0.01954023,,,
"2017-08-02,三",8.53,0.012895662,3285.06,-0.003692474,-0.004348372,0.017244035,0.012895662,,,
"2017-08-03,四",8.64,0.025462963,3272.93,-0.003315072,-0.003903932,0.029366895,0.025462963,,,
"2017-08-04,五",8.86,0.003386005,3262.08,0.005327889,0.006274287,-0.002888283,0.003386005,,,
"2017-08-07,一",8.89,-0.011248594,3279.46,0.000734877,0.000865414,-0.012114008,-0.011248594,,,
"2017-08-08,二",8.79,0.006825939,3281.87,-0.001919637,-0.002260624,0.009086563,0.006825939,,,
"2017-08-09,三",8.85,-0.032768362,3275.57,-0.004219113,-0.004968558,-0.027799803,-0.032768362,,,
"2017-08-10,四",8.56,-0.058411215,3261.75,-0.016313329,-0.019211082,-0.039200133,-0.058411215,,,
"2017-08-11,五",8.06,0.017369727,3208.54,0.008982279,0.01057781,0.006791917,0.017369727,,,
"2017-08-14,一",8.2,-0.006097561,3237.36,0.004293622,0.005056302,-0.011153863,-0.006097561,,,
"2017-08-15,二",8.15,-0.004907975,3251.26,-0.001479426,-0.001742218,-0.003165757,-0.004907975,,,
"2017-08-16,三",8.11,0.012330456,3246.45,0.006770472,0.007973118,0.004357338,0.012330456,,,
"2017-08-17,四",8.21,-0.00365408,3268.43,8.87276E-05,0.000104488,-0.003758569,-0.00365408,,,
"2017-08-18,五",8.18,0.014669927,3268.72,0.005564869,0.006553363,0.008116564,0.014669927,,,
"2017-08-21,一",8.3,-0.001204819,3286.91,0.001010067,0.001189486,-0.002394306,-0.001204819,,,
"2017-08-22,二",8.29,-0.02291918,3290.23,-0.000768943,-0.000905531,-0.022013648,-0.02291918,,,
"2017-08-23,三",8.1,0,3287.7,-0.004924415,-0.005799144,0.005799144,0,,,
"2017-08-24,四",8.1,0.019753086,3271.51,0.018343212,0.021601535,-0.001848448,0.019753086,,,
"2017-08-25,五",8.26,0.026634383,3331.52,0.009344083,0.011003882,0.015630501,0.026634383,,,
"2017-08-28,一",8.48,0.002358491,3362.65,0.000767252,0.00090354,0.001454951,0.002358491,,,
"2017-08-29,二",8.5,-0.052941176,3365.23,-0.00047545,-0.000559905,-0.052381271,-0.052941176,,,
"2017-08-30,三",8.05,-0.027329193,3363.63,-0.00083838,-0.000987302,-0.02634189,-0.027329193,,,
"2017-08-31,四",7.83,-0.006385696,3360.81,0.001877524,0.00221103,-0.008596726,-0.006385696,,,
"2017-09-01,五",7.78,-0.002570694,3367.12,0.003700492,0.004357814,-0.006928508,-0.002570694,,,
"2017-09-04,一",7.76,0.003865979,3379.58,0.001402541,0.001651676,0.002214303,0.003865979,,,
"2017-09-05,二",7.79,-0.001283697,3384.32,0.000316164,0.000372324,-0.001656022,-0.001283697,,,
"2017-09-06,三",7.78,0.006426735,3385.39,-0.005875246,-0.006918872,0.013345607,0.006426735,,,
"2017-09-07,四",7.83,-0.003831418,3365.5,-7.72545E-05,-9.09773E-05,-0.00374044,-0.003831418,,,
"2017-09-08,五",7.8,-0.012820513,3365.24,0.0033222,0.003912326,-0.016732838,-0.012820513,,,
"2017-09-11,一",7.7,-0.006493506,3376.42,0.000909247,0.001070758,-0.007564264,-0.006493506,,,
"2017-09-12,二",7.65,0.019607843,3379.49,0.001378906,0.001623843,0.017984,0.019607843,,,
"2017-09-13,三",7.8,-0.006410256,3384.15,-0.003758699,-0.00442636,-0.001983896,-0.006410256,,,
"2017-09-14,四",7.75,-0.007741935,3371.43,-0.005282625,-0.006220983,-0.001520953,-0.007741935,,,
"2017-09-15,五",7.69,0.014304291,3353.62,0.002755232,0.003244646,0.011059645,0.014304291,,,
"2017-09-18,一",7.8,-0.006410256,3362.86,-0.001790143,-0.002108128,-0.004302129,-0.006410256,,,
"2017-09-19,二",7.75,-0.003870968,3356.84,0.002728757,0.003213469,-0.007084436,-0.003870968,,,
"2017-09-20,三",7.72,-0.011658031,3366,-0.002433155,-0.002865359,-0.008792672,-0.011658031,,,
"2017-09-21,四",7.63,-0.022280472,3357.81,-0.001572453,-0.00185177,-0.020428702,-0.022280472,,,
"2017-09-22,五",7.46,-0.018766756,3352.53,-0.003275138,-0.003856905,-0.014909851,-0.018766756,,,
"2017-09-25,一",7.32,0.004098361,3341.55,0.000607503,0.000715414,0.003382947,0.004098361,,,
"2017-09-26,二",7.35,0.027210884,3343.58,0.000505446,0.000595229,0.026615655,0.027210884,,,
"2017-09-27,三",7.55,-0.009271523,3345.27,-0.001682973,-0.001981921,-0.007289602,-0.009271523,,,
"2017-09-28,四",7.48,0.022727273,3339.64,0.002784731,0.003279386,0.019447887,0.022727273,,,
"2017-09-29,五",7.65,0.015686275,3348.94,0.007596433,0.008945796,0.006740479,0.015686275,,,
"2017-10-09,一",7.77,0.002574003,3374.38,0.00255158,0.00300482,-0.000430817,0.002574003,,,
"2017-10-10,二",7.79,-0.003851091,3382.99,0.001563705,0.001841468,-0.005692559,-0.003851091,,,
"2017-10-11,三",7.76,0.006443299,3388.28,-0.000643394,-0.000757681,0.00720098,0.006443299,,,
"2017-10-12,四",7.81,0.011523688,3386.1,0.001305337,0.001537205,0.009986483,0.011523688,,,
"2017-10-13,五",7.9,-0.003797468,3390.52,-0.003554027,-0.004185333,0.000387864,-0.003797468,,,
"2017-10-16,一",7.87,0.005082592,3378.47,-0.001903228,-0.002241301,0.007323893,0.005082592,,,
"2017-10-17,二",7.91,0.007585335,3372.04,0.002891425,0.003405031,0.004180304,0.007585335,,,
"2017-10-18,三",7.97,-0.020075282,3381.79,-0.00343605,-0.004046399,-0.016028883,-0.020075282,,,
"2017-10-19,四",7.81,0.007682458,3370.17,0.002516194,0.002963148,0.004719311,0.007682458,,,
"2017-10-20,五",7.87,-0.00635324,3378.65,0.000606751,0.000714529,-0.007067769,-0.00635324,,,
"2017-10-23,一",7.82,0.007672634,3380.7,0.002233265,0.002629962,0.005042672,0.007672634,,,
"2017-10-24,二",7.88,0.034263959,3388.25,0.00255294,0.003006422,0.031257538,0.034263959,,,
"2017-10-25,三",8.15,0.020858896,3396.9,0.003141099,0.003699056,0.01715984,0.020858896,,,
"2017-10-26,四",8.32,-0.010817308,3407.57,0.00271161,0.003193276,-0.014010583,-0.010817308,,,
"2017-10-27,五",8.23,0.004860267,3416.81,-0.007746992,-0.009123098,0.013983365,0.004860267,,,
"2017-10-30,一",8.27,-0.008464329,3390.34,0.000884867,0.001042047,-0.009506376,-0.008464329,,,
"2017-10-31,二",8.2,-0.002439024,3393.34,0.000757366,0.000891898,-0.003330922,-0.002439024,,,
"2017-11-01,三",8.18,-0.041564792,3395.91,-0.003710346,-0.004369418,-0.037195374,-0.041564792,,,
"2017-11-02,四",7.84,0.00255102,3383.31,-0.003419728,-0.004027178,0.006578198,0.00255102,,,
"2017-11-03,五",7.86,-0.007633588,3371.74,0.004872855,0.005738425,-0.013372013,-0.007633588,,,
"2017-11-06,一",7.8,0.011538462,3388.17,0.007496672,0.008828314,0.002710148,0.011538462,,,
"2017-11-07,二",7.89,0.019011407,3413.57,0.000553673,0.000652022,0.018359385,0.019011407,,,
"2017-11-08,三",8.04,0.006218905,3415.46,0.003610055,0.004251313,0.001967592,0.006218905,,,
"2017-11-09,四",8.09,0.051915946,3427.79,0.001423658,0.001676544,0.050239402,0.051915946,,,
"2017-11-10,五",8.51,0.022326675,3432.67,0.0044193,0.005204305,0.017122369,0.022326675,,,
"2017-11-13,一",8.7,-0.013793103,3447.84,-0.005304771,-0.006247062,-0.007546041,-0.013793103,,,
"2017-11-14,二",8.58,-0.026806527,3429.55,-0.0078815,-0.009281499,-0.017525028,-0.026806527,,,
"2017-11-15,三",8.35,0.008383234,3402.52,-0.000961052,-0.001131765,0.009514999,0.008383234,,,
"2017-11-16,四",8.42,0.033254157,3399.25,-0.004806943,-0.005660805,0.038914962,0.033254157,,,
"2017-11-17,五",8.7,0.018390805,3382.91,0.002805277,0.003303581,0.015087223,0.018390805,,,
"2017-11-20,一",8.86,0.014672686,3392.4,0.005335456,0.006283198,0.008389488,0.014672686,,,
"2017-11-21,二",8.99,-0.032258065,3410.5,0.005852514,0.006892102,-0.039150167,-0.032258065,,,
"2017-11-22,三",8.7,-0.01954023,3430.46,-0.022894889,-0.026961731,0.007421501,-0.01954023,,,
"2017-11-23,四",8.53,-0.010550996,3351.92,0.000566839,0.000667528,-0.011218524,-0.010550996,,,
"2017-11-24,五",8.44,-0.018957346,3353.82,-0.00941911,-0.011092236,-0.00786511,-0.018957346,,,
"2017-11-27,一",8.28,0.020531401,3322.23,0.00344046,0.004051593,0.016479808,0.020531401,,,
"2017-11-28,二",8.45,0.079289941,3333.66,0.001259877,0.00148367,0.077806271,0.079289941,,,
"2017-11-29,三",9.12,-0.012061404,3337.86,-0.00619259,-0.007292586,-0.004768817,-0.012061404,,,
"2017-11-30,四",9.01,0.006659267,3317.19,0.000129628,0.000152654,0.006506614,0.006659267,,,
"2017-12-01,五",9.07,0,3317.62,-1,0,0,0,,,