date,stock,index,*Beta,ASR,profit
"2016-01-04,一",-0.0447 ,-0.0026 ,-0.00238877,-0.0423 ,-0.0447 
"2016-01-05,二",0.0126 ,0.0225 ,0.020764916,-0.0082 ,0.0126 
"2016-01-06,三",-0.1001 ,-0.0704 ,-0.06487953,-0.0352 ,-0.1001 
"2016-01-07,四",-0.0213 ,0.0197 ,0.018097507,-0.0394 ,-0.0213 
"2016-01-08,五",-0.0922 ,-0.0533 ,-0.049049599,-0.0431 ,-0.0922 
"2016-01-11,一",0.0411 ,0.0020 ,0.001880521,0.0392 ,0.0411 
"2016-01-12,二",-0.0320 ,-0.0242 ,-0.022319197,-0.0097 ,-0.0320 
"2016-01-13,三",0.0712 ,0.0197 ,0.018124615,0.0530 ,0.0712 
"2016-01-14,四",-0.0413 ,-0.0355 ,-0.032665206,-0.0086 ,-0.0413 
"2016-01-15,五",0.0367 ,0.0044 ,0.004085686,0.0326 ,0.0367 
"2016-01-18,一",0.0285 ,0.0322 ,0.029677655,-0.0011 ,0.0285 
"2016-01-19,二",-0.0288 ,-0.0103 ,-0.009507164,-0.0193 ,-0.0288 
"2016-01-20,三",-0.0524 ,-0.0323 ,-0.029765713,-0.0227 ,-0.0524 
"2016-01-21,四",0.0179 ,0.0125 ,0.011535365,0.0064 ,0.0179 
"2016-01-22,五",0.0206 ,0.0075 ,0.006930958,0.0137 ,0.0206 
"2016-01-25,一",-0.0852 ,-0.0642 ,-0.059145327,-0.0261 ,-0.0852 
"2016-01-26,二",0.0197 ,-0.0052 ,-0.004765792,0.0244 ,0.0197 
"2016-01-27,三",-0.0473 ,-0.0292 ,-0.026898634,-0.0204 ,-0.0473 
"2016-01-28,四",0.0459 ,0.0309 ,0.028415361,0.0175 ,0.0459 
"2016-01-29,五",-0.0174 ,-0.0178 ,-0.01639964,-0.0010 ,-0.0174 
"2016-02-01,一",0.0455 ,0.0226 ,0.020796721,0.0247 ,0.0455 
"2016-02-02,二",0.0139 ,-0.0038 ,-0.003456564,0.0173 ,0.0139 
"2016-02-03,三",0.0319 ,0.0152 ,0.014043084,0.0178 ,0.0319 
"2016-02-04,四",-0.0151 ,-0.0063 ,-0.00580507,-0.0093 ,-0.0151 
"2016-02-05,五",0.1001 ,-0.0063 ,-0.005761914,0.1058 ,0.1001 
"2016-02-15,一",0.0193 ,0.0329 ,0.030305525,-0.0110 ,0.0193 
"2016-02-16,二",0.0263 ,0.0108 ,0.009989958,0.0163 ,0.0263 
"2016-02-17,三",-0.0152 ,-0.0016 ,-0.001429258,-0.0138 ,-0.0152 
"2016-02-18,四",-0.0036 ,-0.0010 ,-0.000923224,-0.0027 ,-0.0036 
"2016-02-19,五",0.0106 ,0.0235 ,0.021625756,-0.0110 ,0.0106 
"2016-02-22,一",0.0239 ,-0.0081 ,-0.007503582,0.0314 ,0.0239 
"2016-02-23,二",-0.0393 ,0.0088 ,0.008110806,-0.0474 ,-0.0393 
"2016-02-24,三",-0.0945 ,-0.0641 ,-0.059002948,-0.0355 ,-0.0945 
"2016-02-25,四",0.0004 ,0.0095 ,0.00872139,-0.0084 ,0.0004 
"2016-02-26,五",-0.0705 ,-0.0286 ,-0.026368002,-0.0441 ,-0.0705 
"2016-02-29,一",0.0510 ,0.0168 ,0.015482675,0.0355 ,0.0510 
"2016-03-01,二",0.0417 ,0.0426 ,0.039257826,0.0025 ,0.0417 
"2016-03-02,三",-0.0115 ,0.0035 ,0.003257573,-0.0148 ,-0.0115 
"2016-03-03,四",-0.0471 ,0.0050 ,0.004634052,-0.0517 ,-0.0471 
"2016-03-04,五",0.0215 ,0.0081 ,0.007430551,0.0140 ,0.0215 
"2016-03-07,一",0.0499 ,0.0014 ,0.001287316,0.0486 ,0.0499 
"2016-03-08,二",-0.0229 ,-0.0134 ,-0.012325115,-0.0105 ,-0.0229 
"2016-03-09,三",0.0029 ,-0.0202 ,-0.01860494,0.0215 ,0.0029 
"2016-03-10,四",-0.0230 ,0.0020 ,0.0018322,-0.0248 ,-0.0230 
"2016-03-11,五",0.0668 ,0.0175 ,0.016119526,0.0507 ,0.0668 
"2016-03-14,一",-0.0231 ,0.0017 ,0.001568442,-0.0247 ,-0.0231 
"2016-03-15,二",0.0297 ,0.0021 ,0.001948378,0.0278 ,0.0297 
"2016-05-18,三",-0.0219 ,-0.0002 ,-0.000196816,-0.0217 ,-0.0219 
"2016-05-19,四",-0.0256 ,0.0066 ,0.006092746,-0.0317 ,-0.0256 
"2016-05-20,五",0.0190 ,0.0064 ,0.005922327,0.0130 ,0.0190 
"2016-05-23,一",0.0233 ,-0.0077 ,-0.007118381,0.0304 ,0.0233 
"2016-05-24,二",-0.0206 ,-0.0023 ,-0.00214758,-0.0185 ,-0.0206 
"2016-05-25,三",-0.0054 ,0.0026 ,0.0024045,-0.0078 ,-0.0054 
"2016-05-26,四",-0.0097 ,-0.0005 ,-0.000453544,-0.0092 ,-0.0097 
"2016-05-27,五",-0.0250 ,0.0005 ,0.000457032,-0.0255 ,-0.0250 
"2016-05-30,一",0.0800 ,0.0334 ,0.030726706,0.0493 ,0.0800 
"2016-05-31,二",0.0114 ,-0.0011 ,-0.000981997,0.0123 ,0.0114 
"2016-06-01,三",0.0037 ,0.0040 ,0.003704595,0.0000 ,0.0037 
"2016-06-02,四",0.0523 ,0.0046 ,0.004234401,0.0480 ,0.0523 
"2016-06-03,五",0.0639 ,-0.0016 ,-0.001435301,0.0653 ,0.0639 
"2016-06-06,一",-0.0239 ,0.0007 ,0.000608915,-0.0246 ,-0.0239 
"2016-06-07,二",0.0550 ,-0.0030 ,-0.002785356,0.0578 ,0.0550 
"2016-06-08,三",-0.0757 ,-0.0321 ,-0.029602384,-0.0461 ,-0.0757 
"2016-06-13,一",-0.0064 ,0.0032 ,0.002964608,-0.0093 ,-0.0064 
"2016-06-14,二",0.0603 ,0.0158 ,0.01458754,0.0457 ,0.0603 
"2016-06-15,三",-0.0027 ,-0.0050 ,-0.004589994,0.0019 ,-0.0027 
"2016-06-16,四",-0.0170 ,0.0043 ,0.003939791,-0.0209 ,-0.0170 
"2016-06-17,五",-0.0139 ,0.0013 ,0.001181052,-0.0151 ,-0.0139 
"2016-06-20,一",-0.0156 ,-0.0035 ,-0.003267643,-0.0124 ,-0.0156 
"2016-06-21,二",0.0286 ,0.0094 ,0.008634899,0.0200 ,0.0286 
"2016-06-22,三",-0.0114 ,-0.0047 ,-0.004307455,-0.0071 ,-0.0114 
"2016-06-23,四",-0.0219 ,-0.0130 ,-0.011995905,-0.0099 ,-0.0219 
"2016-06-24,五",0.0214 ,0.0145 ,0.013360934,0.0080 ,0.0214 
"2016-06-27,一",0.0253 ,0.0058 ,0.005362085,0.0200 ,0.0253 
"2016-06-28,二",-0.0125 ,0.0065 ,0.006017188,-0.0185 ,-0.0125 
"2016-06-29,三",0.0145 ,-0.0007 ,-0.000622002,0.0151 ,0.0145 
"2016-06-30,四",-0.0155 ,0.0010 ,0.000902198,-0.0164 ,-0.0155 
"2016-07-01,五",0.0189 ,0.0191 ,0.017624317,0.0012 ,0.0189 
"2016-07-04,一",-0.0064 ,0.0060 ,0.005481985,-0.0119 ,-0.0064 
"2016-07-05,二",-0.0192 ,0.0036 ,0.003338957,-0.0226 ,-0.0192 
"2016-07-06,三",-0.0146 ,-0.0001 ,-0.000134297,-0.0145 ,-0.0146 
"2016-07-07,四",0.0051 ,-0.0095 ,-0.0087794,0.0138 ,0.0051 
"2016-07-08,五",-0.0204 ,0.0023 ,0.002105022,-0.0225 ,-0.0204 
"2016-07-11,一",0.0093 ,0.0182 ,0.016746425,-0.0074 ,0.0093 
"2016-07-12,二",0.0080 ,0.0037 ,0.003415708,0.0045 ,0.0080 
"2016-07-13,三",-0.0028 ,-0.0022 ,-0.002006948,-0.0008 ,-0.0028 
"2016-07-14,四",0.0199 ,0.0001 ,8.44337E-05,0.0199 ,0.0199 
"2016-07-15,五",-0.0183 ,-0.0035 ,-0.003238339,-0.0151 ,-0.0183 
"2016-07-18,一",0.0000 ,-0.0023 ,-0.002105994,0.0021 ,0.0000 
"2016-07-19,二",0.0000 ,-0.0029 ,-0.002638526,0.0026 ,0.0000 
"2016-07-20,三",-0.0702 ,0.0037 ,0.003379109,-0.0735 ,-0.0702 
"2016-07-28,四",-0.0143 ,-0.0050 ,-0.004607266,-0.0097 ,-0.0143 
"2016-07-29,五",-0.0159 ,-0.0087 ,-0.008021341,-0.0078 ,-0.0159 
"2016-08-01,一",0.0039 ,0.0061 ,0.005578523,-0.0017 ,0.0039 
"2016-08-02,二",0.0003 ,0.0024 ,0.002225413,-0.0019 ,0.0003 
"2016-08-03,三",0.0195 ,0.0013 ,0.00122752,0.0183 ,0.0195 
"2016-08-04,四",-0.0082 ,-0.0019 ,-0.001769351,-0.0064 ,-0.0082 
"2016-08-05,五",0.0204 ,0.0093 ,0.008532747,0.0118 ,0.0204 
"2016-08-08,一",0.0020 ,0.0071 ,0.006559988,-0.0045 ,0.0020 
"2016-08-09,二",-0.0081 ,-0.0023 ,-0.002109308,-0.0060 ,-0.0081 
"2016-08-10,三",-0.0242 ,-0.0053 ,-0.004914712,-0.0192 ,-0.0242 
"2016-08-11,四",0.0042 ,0.0160 ,0.01473123,-0.0105 ,0.0042 
"2016-08-12,五",0.0486 ,0.0244 ,0.022499122,0.0261 ,0.0486 
"2016-08-15,一",0.0172 ,-0.0049 ,-0.004467361,0.0217 ,0.0172 
"2016-08-16,二",-0.0101 ,-0.0002 ,-0.000142136,-0.0099 ,-0.0101 
"2016-08-17,三",-0.0066 ,-0.0018 ,-0.001614088,-0.0050 ,-0.0066 
"2016-08-18,四",0.0126 ,0.0013 ,0.001183765,0.0114 ,0.0126 
"2016-08-19,五",-0.0078 ,-0.0075 ,-0.006900875,-0.0009 ,-0.0078 
"2016-08-22,一",-0.0020 ,0.0016 ,0.001462842,-0.0034 ,-0.0020 
"2016-08-23,二",0.0201 ,-0.0012 ,-0.001141592,0.0213 ,0.0201 
"2016-08-24,三",0.0133 ,-0.0057 ,-0.005237545,0.0185 ,0.0133 
"2016-08-25,四",-0.0278 ,0.0006 ,0.000594282,-0.0284 ,-0.0278 
"2016-08-26,五",-0.0066 ,-0.0001 ,-8.39857E-05,-0.0065 ,-0.0066 
"2016-08-29,一",0.0023 ,0.0015 ,0.00139489,0.0009 ,0.0023 
"2016-08-30,二",0.0020 ,0.0035 ,0.003237841,-0.0013 ,0.0020 
"2016-08-31,三",-0.0089 ,-0.0072 ,-0.006620139,-0.0023 ,-0.0089 
"2016-09-01,四",-0.0123 ,0.0013 ,0.001214563,-0.0135 ,-0.0123 
"2016-09-02,五",0.0007 ,0.0015 ,0.001426133,-0.0008 ,0.0007 
"2016-09-05,一",0.0259 ,0.0061 ,0.005578799,0.0203 ,0.0259 
"2016-09-06,二",-0.0069 ,0.0004 ,0.000363522,-0.0072 ,-0.0069 
"2016-09-07,三",-0.0049 ,0.0013 ,0.001197364,-0.0061 ,-0.0049 
"2016-09-08,四",-0.0133 ,-0.0055 ,-0.005083675,-0.0082 ,-0.0133 
"2016-09-09,五",-0.0313 ,-0.0185 ,-0.017013722,-0.0142 ,-0.0313 
"2016-09-12,一",0.0069 ,0.0005 ,0.000466261,0.0065 ,0.0069 
"2016-09-13,二",0.0021 ,-0.0068 ,-0.006292868,0.0084 ,0.0021 
"2016-09-14,三",0.0065 ,0.0077 ,0.00711515,-0.0006 ,0.0065 
"2016-09-19,一",-0.0051 ,-0.0010 ,-0.000928225,-0.0042 ,-0.0051 
"2016-09-20,二",0.0048 ,0.0009 ,0.000874326,0.0039 ,0.0048 
"2016-09-21,三",0.0041 ,0.0054 ,0.005003584,-0.0009 ,0.0041 
"2016-09-22,四",-0.0122 ,-0.0028 ,-0.002545788,-0.0097 ,-0.0122 
"2016-09-23,五",-0.0251 ,-0.0176 ,-0.016230751,-0.0089 ,-0.0251 
"2016-09-26,一",0.0085 ,0.0060 ,0.005481563,0.0030 ,0.0085 
"2016-09-27,二",-0.0042 ,-0.0034 ,-0.003166884,-0.0010 ,-0.0042 
"2016-09-28,三",0.0004 ,0.0036 ,0.003273361,-0.0029 ,0.0004 
"2016-09-29,四",0.0000 ,0.0021 ,0.001910376,-0.0019 ,0.0000 
"2016-09-30,五",0.0302 ,0.0145 ,0.013314301,0.0169 ,0.0302 
"2016-10-10,一",0.0017 ,0.0056 ,0.005169455,-0.0035 ,0.0017 
"2016-10-11,二",-0.0037 ,-0.0022 ,-0.002027998,-0.0017 ,-0.0037 
"2016-10-12,三",-0.0024 ,0.0009 ,0.000858156,-0.0033 ,-0.0024 
"2016-10-13,四",0.0055 ,0.0008 ,0.000740034,0.0047 ,0.0055 
"2016-10-14,五",-0.0143 ,-0.0074 ,-0.006805253,-0.0075 ,-0.0143 
"2016-10-17,一",0.0083 ,0.0140 ,0.012933574,-0.0046 ,0.0083 
"2016-10-18,二",0.0096 ,0.0003 ,0.000250848,0.0094 ,0.0096 
"2016-10-19,三",0.0343 ,-0.0001 ,-7.76224E-05,0.0344 ,0.0343 
"2016-10-20,四",-0.0138 ,0.0021 ,0.001934753,-0.0157 ,-0.0138 
"2016-10-21,五",0.0277 ,0.0121 ,0.011116405,0.0165 ,0.0277 
"2016-10-24,一",0.0133 ,0.0012 ,0.001086312,0.0122 ,0.0133 
"2016-10-25,二",-0.0253 ,-0.0050 ,-0.004595949,-0.0207 ,-0.0253 
"2016-10-26,三",-0.0020 ,-0.0013 ,-0.001170265,-0.0008 ,-0.0020 
"2016-10-27,四",-0.0161 ,-0.0026 ,-0.002390852,-0.0137 ,-0.0161 
"2016-10-28,五",0.0023 ,-0.0012 ,-0.001121404,0.0035 ,0.0023 
"2016-10-31,一",0.0067 ,0.0071 ,0.006519794,0.0002 ,0.0067 
"2016-11-01,二",-0.0066 ,-0.0063 ,-0.005813293,-0.0008 ,-0.0066 
"2016-11-02,三",0.0090 ,0.0084 ,0.007779519,0.0012 ,0.0090 
"2016-11-03,四",-0.0126 ,-0.0012 ,-0.001065469,-0.0115 ,-0.0126 
"2016-11-04,五",-0.0080 ,0.0026 ,0.002360303,-0.0104 ,-0.0080 
"2016-11-07,一",0.0074 ,0.0046 ,0.00427942,0.0031 ,0.0074 
"2016-11-08,二",-0.0198 ,-0.0062 ,-0.005710708,-0.0141 ,-0.0198 
"2016-11-09,三",0.0188 ,0.0137 ,0.012631941,0.0062 ,0.0188 
"2016-11-10,四",0.0013 ,0.0078 ,0.007190279,-0.0058 ,0.0013 
"2016-11-11,五",0.0111 ,0.0045 ,0.004129179,0.0069 ,0.0111 
"2016-11-14,一",0.0186 ,-0.0011 ,-0.000969597,0.0195 ,0.0186 
"2016-11-15,二",-0.0094 ,-0.0006 ,-0.000554229,-0.0089 ,-0.0094 
"2016-11-16,三",-0.0115 ,0.0011 ,0.000974077,-0.0125 ,-0.0115 
"2016-11-17,四",0.0003 ,-0.0049 ,-0.004474871,0.0048 ,0.0003 
"2016-11-18,五",0.0083 ,0.0079 ,0.007294552,0.0010 ,0.0083 
"2016-11-21,一",0.0040 ,0.0094 ,0.00864232,-0.0047 ,0.0040 
"2016-11-22,二",-0.0105 ,-0.0022 ,-0.0020441,-0.0085 ,-0.0105 
"2016-11-23,三",-0.0149 ,0.0002 ,0.000170484,-0.0151 ,-0.0149 
"2016-11-24,四",0.0074 ,0.0062 ,0.005738559,0.0017 ,0.0074 
"2016-11-25,五",-0.0043 ,0.0046 ,0.004251857,-0.0086 ,-0.0043 
"2016-11-28,一",-0.0101 ,0.0018 ,0.0016637,-0.0117 ,-0.0101 
"2016-11-29,二",0.0061 ,-0.0100 ,-0.009226421,0.0153 ,0.0061 
"2016-11-30,三",-0.0007 ,0.0072 ,0.006596678,-0.0073 ,-0.0007 
"2016-12-01,四",-0.0189 ,-0.0090 ,-0.008291301,-0.0106 ,-0.0189 
"2016-12-02,五",-0.0062 ,-0.0121 ,-0.011109132,0.0049 ,-0.0062 
"2016-12-05,一",-0.0010 ,-0.0016 ,-0.001454091,0.0004 ,-0.0010 
"2016-12-06,二",0.0093 ,0.0071 ,0.006501947,0.0028 ,0.0093 
"2016-12-07,三",-0.0096 ,-0.0021 ,-0.001963489,-0.0076 ,-0.0096 
"2016-12-08,四",-0.0125 ,0.0054 ,0.005015161,-0.0175 ,-0.0125 
"2016-12-09,五",-0.0428 ,-0.0247 ,-0.022763615,-0.0200 ,-0.0428 
"2016-12-12,一",0.0095 ,0.0007 ,0.000604617,0.0089 ,0.0095 
"2016-12-13,二",-0.0080 ,-0.0046 ,-0.004235379,-0.0037 ,-0.0080 
"2016-12-14,三",0.0059 ,-0.0073 ,-0.006700588,0.0126 ,0.0059 
"2016-12-15,四",0.0131 ,0.0017 ,0.001565576,0.0115 ,0.0131 
"2016-12-16,五",-0.0108 ,-0.0016 ,-0.001444962,-0.0093 ,-0.0108 
"2016-12-19,一",-0.0022 ,-0.0049 ,-0.004489376,0.0023 ,-0.0022 
"2016-12-20,二",0.0036 ,0.0111 ,0.010254459,-0.0066 ,0.0036 
"2016-12-21,三",-0.0083 ,0.0007 ,0.000625223,-0.0090 ,-0.0083 
"2016-12-22,四",-0.0153 ,-0.0094 ,-0.008626923,-0.0067 ,-0.0153 
"2016-12-23,五",-0.0048 ,0.0040 ,0.003677646,-0.0085 ,-0.0048 
"2016-12-26,一",0.0041 ,-0.0025 ,-0.002332889,0.0064 ,0.0041 
"2016-12-27,二",-0.0030 ,-0.0040 ,-0.003672321,0.0007 ,-0.0030 
"2016-12-28,三",0.0034 ,-0.0020 ,-0.001822731,0.0052 ,0.0034 
"2016-12-29,四",0.0056 ,0.0024 ,0.002242777,0.0033 ,0.0056 
"2016-12-30,五",0.0111 ,0.0104 ,0.009578376,0.0015 ,0.0111 
"2017-01-03,二",0.0230 ,0.0073 ,0.006716312,0.0163 ,0.0230 
"2017-01-04,三",0.0036 ,0.0021 ,0.001930043,0.0016 ,0.0036 
"2017-01-05,四",-0.0117 ,-0.0035 ,-0.003226497,-0.0085 ,-0.0117 
"2017-01-06,五",0.0054 ,0.0054 ,0.00493997,0.0005 ,0.0054 
"2017-01-09,一",-0.0072 ,-0.0030 ,-0.002779153,-0.0044 ,-0.0072 
"2017-01-10,二",0.0032 ,-0.0079 ,-0.007258739,0.0105 ,0.0032 
"2017-01-11,三",-0.0140 ,-0.0056 ,-0.005126182,-0.0089 ,-0.0140 
"2017-01-12,四",-0.0124 ,-0.0021 ,-0.001927912,-0.0105 ,-0.0124 
"2017-01-13,五",-0.0244 ,-0.0030 ,-0.00276036,-0.0216 ,-0.0244 
"2017-01-16,一",0.0144 ,0.0017 ,0.001584634,0.0128 ,0.0144 
"2017-01-17,二",-0.0119 ,0.0014 ,0.00125605,-0.0132 ,-0.0119 
"2017-01-18,三",-0.0045 ,-0.0038 ,-0.003464225,-0.0011 ,-0.0045 
"2017-01-19,四",0.0140 ,0.0070 ,0.006485426,0.0075 ,0.0140 
"2017-01-20,五",0.0045 ,0.0044 ,0.004019149,0.0005 ,0.0045 
"2017-01-23,一",-0.0052 ,0.0018 ,0.001696973,-0.0069 ,-0.0052 
"2017-01-24,二",0.0034 ,0.0022 ,0.002051377,0.0013 ,0.0034 
"2017-01-25,三",0.0078 ,0.0031 ,0.002812913,0.0050 ,0.0078 
"2017-01-26,四",0.0381 ,-0.0060 ,-0.005538731,0.0436 ,0.0381 
"2017-02-03,五",0.0677 ,0.0054 ,0.00492997,0.0628 ,0.0677 
"2017-02-06,一",-0.0067 ,-0.0012 ,-0.001134769,-0.0055 ,-0.0067 
"2017-02-07,二",0.0084 ,0.0044 ,0.004056912,0.0043 ,0.0084 
"2017-02-08,三",-0.0020 ,0.0051 ,0.004710851,-0.0067 ,-0.0020 
"2017-02-09,四",-0.0167 ,0.0042 ,0.003911517,-0.0206 ,-0.0167 
"2017-02-10,五",-0.0054 ,0.0063 ,0.005802128,-0.0112 ,-0.0054 
"2017-02-13,一",0.0044 ,0.0003 ,0.000312052,0.0041 ,0.0044 
"2017-02-14,二",-0.0048 ,-0.0015 ,-0.001413774,-0.0033 ,-0.0048 
"2017-02-15,三",0.0229 ,0.0052 ,0.004766642,0.0181 ,0.0229 
"2017-02-16,四",-0.0250 ,-0.0085 ,-0.007853119,-0.0172 ,-0.0250 
"2017-02-17,五",0.0103 ,0.0118 ,0.010894504,-0.0006 ,0.0103 
"2017-02-20,一",0.0369 ,0.0041 ,0.003800331,0.0331 ,0.0369 
"2017-02-21,二",0.0065 ,0.0024 ,0.002233462,0.0043 ,0.0065 
"2017-02-22,三",-0.0153 ,-0.0030 ,-0.002778719,-0.0125 ,-0.0153 
"2017-02-23,四",0.0145 ,0.0006 ,0.000580652,0.0139 ,0.0145 
"2017-02-24,五",0.0124 ,-0.0076 ,-0.007011553,0.0194 ,0.0124 
"2017-02-27,一",-0.0122 ,0.0040 ,0.003728061,-0.0159 ,-0.0122 
"2017-02-28,二",-0.0059 ,0.0016 ,0.001477257,-0.0073 ,-0.0059 
"2017-03-01,三",-0.0082 ,-0.0052 ,-0.004793398,-0.0034 ,-0.0082 
"2017-03-02,四",0.0158 ,-0.0036 ,-0.003341571,0.0192 ,0.0158 
"2017-03-03,五",0.0360 ,0.0048 ,0.004452577,0.0316 ,0.0360 
"2017-03-06,一",0.0768 ,0.0026 ,0.002432008,0.0743 ,0.0768 
"2017-03-07,二",-0.0198 ,-0.0005 ,-0.00049705,-0.0193 ,-0.0198 
"2017-03-08,三",-0.0027 ,-0.0074 ,-0.006794786,0.0041 ,-0.0027 
"2017-03-09,四",0.0185 ,-0.0012 ,-0.001142313,0.0196 ,0.0185 
"2017-03-10,五",0.0108 ,0.0076 ,0.00695412,0.0039 ,0.0108 
"2017-03-13,一",-0.0055 ,0.0007 ,0.000657198,-0.0062 ,-0.0055 
"2017-03-14,二",-0.0189 ,0.0008 ,0.000690845,-0.0196 ,-0.0189 
"2017-03-15,三",0.0222 ,0.0084 ,0.00772144,0.0145 ,0.0222 
"2017-03-16,四",-0.0258 ,-0.0096 ,-0.008871466,-0.0169 ,-0.0258 
"2017-03-17,五",-0.0039 ,0.0041 ,0.003800433,-0.0077 ,-0.0039 
"2017-03-20,一",0.0466 ,0.0033 ,0.00305958,0.0435 ,0.0466 
"2017-03-21,二",0.0254 ,-0.0050 ,-0.004627822,0.0300 ,0.0254 
"2017-03-22,三",-0.0092 ,0.0010 ,0.000944996,-0.0101 ,-0.0092 
"2017-03-23,四",0.0191 ,0.0064 ,0.005924974,0.0132 ,0.0191 
"2017-03-24,五",-0.0066 ,-0.0008 ,-0.000701382,-0.0059 ,-0.0066 
"2017-03-27,一",-0.0214 ,-0.0043 ,-0.003949335,-0.0174 ,-0.0214 
"2017-03-28,二",-0.0096 ,-0.0036 ,-0.003295378,-0.0063 ,-0.0096 
"2017-03-29,三",-0.0083 ,-0.0096 ,-0.008827757,0.0005 ,-0.0083 
"2017-03-30,四",0.0133 ,0.0038 ,0.003519952,0.0098 ,0.0133 
"2017-03-31,五",0.0202 ,0.0148 ,0.013660397,0.0066 ,0.0202 
"2017-04-05,三",-0.0128 ,0.0033 ,0.00301036,-0.0159 ,-0.0128 
"2017-04-06,四",-0.0051 ,0.0017 ,0.001577465,-0.0067 ,-0.0051 
"2017-04-07,五",-0.0617 ,-0.0052 ,-0.00482798,-0.0569 ,-0.0617 
"2017-04-10,一",0.0058 ,0.0060 ,0.005515383,0.0002 ,0.0058 
"2017-04-11,二",-0.0250 ,-0.0046 ,-0.004239315,-0.0208 ,-0.0250 
"2017-04-12,三",0.0148 ,0.0007 ,0.000599174,0.0142 ,0.0148 
"2017-04-13,四",-0.0082 ,-0.0091 ,-0.008402664,0.0002 ,-0.0082 
"2017-04-14,五",0.0043 ,-0.0074 ,-0.006780625,0.0111 ,0.0043 
"2017-04-17,一",-0.0694 ,-0.0079 ,-0.007276787,-0.0621 ,-0.0694 
"2017-04-18,二",0.0122 ,-0.0081 ,-0.007496072,0.0197 ,0.0122 
"2017-04-19,三",0.0081 ,0.0004 ,0.000409539,0.0077 ,0.0081 
"2017-04-20,四",-0.0158 ,0.0003 ,0.00030484,-0.0161 ,-0.0158 
"2017-04-21,五",0.0098 ,-0.0137 ,-0.012659739,0.0225 ,0.0098 
"2017-04-24,一",-0.0003 ,0.0016 ,0.001483136,-0.0018 ,-0.0003 
"2017-04-25,二",0.0292 ,0.0020 ,0.001845064,0.0273 ,0.0292 
"2017-04-26,三",-0.0047 ,0.0036 ,0.00332503,-0.0080 ,-0.0047 
"2017-04-27,四",0.0028 ,0.0008 ,0.000721629,0.0021 ,0.0028 
"2017-04-28,五",-0.0126 ,-0.0035 ,-0.003196622,-0.0094 ,-0.0126 
"2017-05-02,二",0.0096 ,-0.0027 ,-0.002449027,0.0120 ,0.0096 
"2017-05-03,三",-0.0206 ,-0.0025 ,-0.00234394,-0.0182 ,-0.0206 
"2017-05-04,四",-0.0155 ,-0.0078 ,-0.00716461,-0.0083 ,-0.0155 
"2017-05-05,五",-0.0154 ,-0.0079 ,-0.007250464,-0.0082 ,-0.0154 
"2017-05-08,一",-0.0333 ,0.0006 ,0.000574349,-0.0339 ,-0.0333 
"2017-05-09,二",-0.0169 ,-0.0090 ,-0.008292982,-0.0086 ,-0.0169 
"2017-05-10,三",-0.0210 ,0.0029 ,0.00262755,-0.0237 ,-0.0210 
"2017-05-11,四",0.0140 ,0.0072 ,0.006620876,0.0074 ,0.0140 
"2017-05-12,五",0.0307 ,0.0022 ,0.002007029,0.0287 ,0.0307 
"2017-05-15,一",0.0278 ,0.0074 ,0.006773893,0.0210 ,0.0278 
"2017-05-16,二",-0.0040 ,-0.0027 ,-0.002520552,-0.0015 ,-0.0040 
"2017-05-17,三",-0.0020 ,-0.0046 ,-0.004242115,0.0022 ,-0.0020 
"2017-05-18,四",-0.0151 ,0.0002 ,0.000146032,-0.0152 ,-0.0151 
"2017-05-19,五",0.0017 ,-0.0048 ,-0.004454755,0.0062 ,0.0017 
"2017-05-22,一",-0.0374 ,-0.0045 ,-0.00411111,-0.0333 ,-0.0374 
"2017-05-23,二",0.0223 ,0.0007 ,0.000640636,0.0216 ,0.0223 
"2017-05-24,三",0.0315 ,0.0143 ,0.013149452,0.0183 ,0.0315 
"2017-05-25,四",0.0023 ,0.0007 ,0.000660811,0.0017 ,0.0023 
"2017-05-26,五",-0.0030 ,0.0023 ,0.002108341,-0.0051 ,-0.0030 
"2017-05-31,三",-0.0010 ,-0.0047 ,-0.004301592,0.0033 ,-0.0010 
"2017-06-01,四",0.0117 ,0.0009 ,0.00086673,0.0109 ,0.0117 
"2017-06-02,五",0.0020 ,-0.0045 ,-0.004116063,0.0061 ,0.0020 
"2017-06-05,一",0.0215 ,0.0034 ,0.003118779,0.0184 ,0.0215 
"2017-06-06,二",0.0146 ,0.0123 ,0.011337554,0.0032 ,0.0146 
"2017-06-07,三",-0.0102 ,0.0032 ,0.002935553,-0.0132 ,-0.0102 
"2017-06-08,四",0.0119 ,0.0026 ,0.002359104,0.0096 ,0.0119 
"2017-06-09,五",-0.0246 ,-0.0059 ,-0.005400122,-0.0192 ,-0.0246 
"2017-06-12,一",0.0134 ,0.0044 ,0.004065181,0.0093 ,0.0134 
"2017-06-13,二",0.0029 ,-0.0073 ,-0.006736765,0.0096 ,0.0029 
"2017-06-14,三",0.0319 ,0.0006 ,0.000535382,0.0313 ,0.0319 
"2017-06-15,四",-0.0100 ,-0.0030 ,-0.002740034,-0.0072 ,-0.0100 
"2017-06-16,五",0.0132 ,0.0068 ,0.006251294,0.0070 ,0.0132 
"2017-06-19,一",-0.0068 ,-0.0014 ,-0.001276975,-0.0056 ,-0.0068 
"2017-06-20,二",0.0103 ,0.0052 ,0.004751313,0.0056 ,0.0103 
"2017-06-21,三",0.0279 ,-0.0028 ,-0.002556041,0.0304 ,0.0279 
"2017-06-22,四",0.0136 ,0.0033 ,0.003048868,0.0105 ,0.0136 
"2017-06-23,五",0.0821 ,0.0087 ,0.008040299,0.0740 ,0.0821 
"2017-06-26,一",-0.0069 ,0.0018 ,0.001665263,-0.0085 ,-0.0069 
"2017-06-27,二",0.0459 ,-0.0056 ,-0.005194553,0.0511 ,0.0459 
"2017-06-28,三",0.0595 ,0.0047 ,0.004312718,0.0552 ,0.0595 
"2017-06-29,四",-0.0037 ,0.0014 ,0.001262364,-0.0050 ,-0.0037 
"2017-06-30,五",0.0890 ,0.0011 ,0.001003893,0.0880 ,0.0890 
"2017-07-03,一",0.0046 ,-0.0041 ,-0.00377779,0.0084 ,0.0046 
"2017-07-04,二",-0.0005 ,0.0076 ,0.007039834,-0.0075 ,-0.0005 
"2017-07-05,三",-0.0248 ,0.0017 ,0.001524782,-0.0263 ,-0.0248 
"2017-07-06,四",0.0141 ,0.0017 ,0.001582464,0.0125 ,0.0141 
"2017-07-07,五",0.0016 ,-0.0017 ,-0.001525374,0.0031 ,0.0016 
"2017-07-10,一",-0.0775 ,-0.0030 ,-0.002749081,-0.0748 ,-0.0775 
"2017-07-11,二",-0.0118 ,-0.0017 ,-0.001581357,-0.0102 ,-0.0118 
"2017-07-12,三",0.0152 ,0.0064 ,0.00593885,0.0093 ,0.0152 
"2017-07-13,四",-0.0213 ,0.0013 ,0.001219078,-0.0225 ,-0.0213 
"2017-07-14,五",0.0222 ,-0.0143 ,-0.013134924,0.0354 ,0.0222 
"2017-07-17,一",0.0020 ,0.0035 ,0.003221071,-0.0012 ,0.0020 
"2017-07-18,二",0.0781 ,0.0136 ,0.012541796,0.0655 ,0.0781 
"2017-07-19,三",0.0886 ,0.0043 ,0.003956261,0.0846 ,0.0886 
"2017-07-20,四",-0.0261 ,-0.0021 ,-0.00195264,-0.0242 ,-0.0261 
"2017-07-21,五",0.0087 ,0.0039 ,0.003589342,0.0051 ,0.0087 
"2017-07-24,一",-0.0461 ,-0.0021 ,-0.001957691,-0.0441 ,-0.0461 
"2017-07-25,二",0.0136 ,0.0012 ,0.001129987,0.0125 ,0.0136 
"2017-07-26,三",0.0993 ,0.0006 ,0.000598329,0.0987 ,0.0993 
"2017-07-27,四",-0.0344 ,0.0011 ,0.00098051,-0.0354 ,-0.0344 
"2017-07-28,五",-0.0006 ,0.0061 ,0.00560221,-0.0062 ,-0.0006 
"2017-07-31,一",0.0280 ,0.0060 ,0.00551769,0.0225 ,0.0280 
"2017-08-01,二",-0.0115 ,-0.0023 ,-0.002120092,-0.0094 ,-0.0115 
"2017-08-02,三",-0.0564 ,-0.0037 ,-0.003400534,-0.0530 ,-0.0564 
"2017-08-03,四",0.0035 ,-0.0033 ,-0.003052971,0.0066 ,0.0035 
"2017-08-04,五",-0.0022 ,0.0053 ,0.004906647,-0.0071 ,-0.0022 
"2017-08-07,一",0.0655 ,0.0007 ,0.000676775,0.0648 ,0.0655 
"2017-08-08,二",-0.0060 ,-0.0019 ,-0.001767864,-0.0042 ,-0.0060 
"2017-08-09,三",-0.0046 ,-0.0042 ,-0.003885535,-0.0007 ,-0.0046 
"2017-08-10,四",-0.0008 ,-0.0163 ,-0.01502354,0.0142 ,-0.0008 
"2017-08-11,五",0.1001 ,0.0090 ,0.008272108,0.0918 ,0.1001 
"2017-08-14,一",0.0406 ,0.0043 ,0.003954153,0.0366 ,0.0406 
"2017-08-15,二",0.0581 ,-0.0015 ,-0.001362458,0.0595 ,0.0581 
"2017-08-16,三",0.0243 ,0.0068 ,0.006235175,0.0180 ,0.0243 
"2017-08-17,四",0.0084 ,0.0001 ,8.17125E-05,0.0083 ,0.0084 
"2017-08-18,五",0.0462 ,0.0056 ,0.005124891,0.0410 ,0.0462 
"2017-08-21,一",-0.0366 ,0.0010 ,0.000930208,-0.0376 ,-0.0366 
"2017-08-22,二",-0.0255 ,-0.0008 ,-0.000708148,-0.0248 ,-0.0255 
"2017-08-23,三",0.0048 ,-0.0049 ,-0.004535074,0.0093 ,0.0048 
"2017-08-24,四",0.0466 ,0.0183 ,0.016892933,0.0297 ,0.0466 
"2017-08-25,五",-0.0657 ,0.0093 ,0.008605307,-0.0743 ,-0.0657 
"2017-08-28,一",-0.0311 ,0.0008 ,0.00070659,-0.0318 ,-0.0311 
"2017-08-29,二",0.0096 ,-0.0005 ,-0.00043786,0.0101 ,0.0096 
"2017-08-30,三",0.0065 ,-0.0008 ,-0.000772095,0.0073 ,0.0065 
"2017-08-31,四",0.0218 ,0.0019 ,0.00172908,0.0200 ,0.0218 
"2017-09-01,五",0.0009 ,0.0037 ,0.003407918,-0.0025 ,0.0009 
"2017-09-04,一",0.0153 ,0.0014 ,0.001291651,0.0140 ,0.0153 
"2017-09-05,二",-0.0154 ,0.0003 ,0.000291167,-0.0157 ,-0.0154 
"2017-09-06,三",0.0101 ,-0.0059 ,-0.005410729,0.0155 ,0.0101 
"2017-09-07,四",-0.0623 ,-0.0001 ,-7.11465E-05,-0.0623 ,-0.0623 
"2017-09-08,五",-0.0085 ,0.0033 ,0.003059535,-0.0116 ,-0.0085 
"2017-09-11,一",0.0186 ,0.0009 ,0.000837359,0.0178 ,0.0186 
"2017-09-12,二",-0.0007 ,0.0014 ,0.001269885,-0.0020 ,-0.0007 
"2017-09-13,三",-0.0296 ,-0.0038 ,-0.003461523,-0.0262 ,-0.0296 
"2017-09-14,四",-0.0196 ,-0.0053 ,-0.004864962,-0.0147 ,-0.0196 
"2017-09-15,五",0.0177 ,0.0028 ,0.002537393,0.0152 ,0.0177 
"2017-09-18,一",0.0391 ,-0.0018 ,-0.001648608,0.0408 ,0.0391 
"2017-09-19,二",-0.0046 ,0.0027 ,0.002513012,-0.0072 ,-0.0046 
"2017-09-20,三",-0.0511 ,-0.0024 ,-0.002240781,-0.0488 ,-0.0511 
"2017-09-21,四",0.0025 ,-0.0016 ,-0.00144813,0.0039 ,0.0025 
"2017-09-22,五",0.0043 ,-0.0033 ,-0.003016195,0.0074 ,0.0043 
"2017-09-25,一",-0.0199 ,0.0006 ,0.000559471,-0.0204 ,-0.0199 
"2017-09-26,二",0.0145 ,0.0005 ,0.000465484,0.0141 ,0.0145 
"2017-09-27,三",-0.0028 ,-0.0017 ,-0.001549912,-0.0013 ,-0.0028 
"2017-09-28,四",0.0151 ,0.0028 ,0.002564561,0.0126 ,0.0151 
"2017-09-29,五",0.0306 ,0.0076 ,0.006995833,0.0236 ,0.0306 
"2017-10-09,一",0.0175 ,0.0026 ,0.002349843,0.0152 ,0.0175 
"2017-10-10,二",-0.0156 ,0.0016 ,0.001440073,-0.0171 ,-0.0156 
"2017-10-11,三",-0.0119 ,-0.0006 ,-0.000592525,-0.0113 ,-0.0119 
"2017-10-12,四",0.0152 ,0.0013 ,0.001202132,0.0140 ,0.0152 
"2017-10-13,五",-0.0418 ,-0.0036 ,-0.003273033,-0.0385 ,-0.0418 
"2017-10-16,一",-0.0547 ,-0.0019 ,-0.001752752,-0.0529 ,-0.0547 
"2017-10-17,二",-0.0370 ,0.0029 ,0.002662819,-0.0396 ,-0.0370 
"2017-10-18,三",0.0157 ,-0.0034 ,-0.003164384,0.0188 ,0.0157 
"2017-10-19,四",0.0165 ,0.0025 ,0.002317254,0.0141 ,0.0165 
"2017-10-20,五",0.0018 ,0.0006 ,0.000558779,0.0012 ,0.0018 
"2017-10-23,一",-0.0026 ,0.0022 ,0.002056696,-0.0047 ,-0.0026 
"2017-10-24,二",0.0198 ,0.0026 ,0.002351096,0.0175 ,0.0198 
"2017-10-25,三",-0.0086 ,0.0031 ,0.002892753,-0.0115 ,-0.0086 
"2017-10-26,四",-0.0166 ,0.0027 ,0.00249722,-0.0191 ,-0.0166 
"2017-10-27,五",0.0523 ,-0.0077 ,-0.007134488,0.0594 ,0.0523 
"2017-10-30,一",0.0249 ,0.0009 ,0.000814906,0.0240 ,0.0249 
"2017-10-31,二",-0.0090 ,0.0008 ,0.000697486,-0.0097 ,-0.0090 
"2017-11-01,三",0.0693 ,-0.0037 ,-0.003416993,0.0727 ,0.0693 
"2017-11-02,四",0.0035 ,-0.0034 ,-0.003149352,0.0067 ,0.0035 
"2017-11-03,五",0.0065 ,0.0049 ,0.00448759,0.0020 ,0.0065 
"2017-11-06,一",0.0476 ,0.0075 ,0.006903959,0.0407 ,0.0476 
"2017-11-07,二",-0.0170 ,0.0006 ,0.000509897,-0.0175 ,-0.0170 
"2017-11-08,三",0.0041 ,0.0036 ,0.003324632,0.0007 ,0.0041 
"2017-11-09,四",-0.0175 ,0.0014 ,0.001311098,-0.0188 ,-0.0175 
"2017-11-10,五",0.1000 ,0.0044 ,0.004069895,0.0960 ,0.1000 
"2017-11-13,一",0.0346 ,-0.0053 ,-0.004885357,0.0395 ,0.0346 
"2017-11-14,二",-0.0502 ,-0.0079 ,-0.007258361,-0.0429 ,-0.0502 
"2017-11-15,三",0.0695 ,-0.0010 ,-0.000885068,0.0704 ,0.0695 
"2017-11-16,四",-0.0034 ,-0.0048 ,-0.004426889,0.0010 ,-0.0034 
"2017-11-17,五",0.0463 ,0.0028 ,0.002583482,0.0437 ,0.0463 
"2017-11-20,一",-0.0010 ,0.0053 ,0.004913616,-0.0059 ,-0.0010 
"2017-11-21,二",0.0141 ,0.0059 ,0.005389794,0.0087 ,0.0141 
"2017-11-22,三",-0.0613 ,-0.0229 ,-0.021084739,-0.0402 ,-0.0613 
"2017-11-23,四",-0.0536 ,0.0006 ,0.000522023,-0.0541 ,-0.0536 
"2017-11-24,五",-0.0267 ,-0.0094 ,-0.008674402,-0.0180 ,-0.0267 
"2017-11-27,一",0.0885 ,0.0034 ,0.003168445,0.0854 ,0.0885 
"2017-11-28,二",0.0013 ,0.0013 ,0.001160266,0.0002 ,0.0013 
"2017-11-29,三",-0.0183 ,-0.0062 ,-0.005702983,-0.0126 ,-0.0183 
"2017-11-30,四",0.0437 ,0.0001 ,0.000119379,0.0436 ,0.0437 
"2017-12-01,五",0.0000 ,0.0000 ,0,0.0000 ,0.0000 